,neutral,peak,label,lm_neutral,lm_peak
0,../CK+/cohn-kanade-images/S063/002/S063_002_00000001.png,../CK+/cohn-kanade-images/S063/002/S063_002_00000023.png,5,../CK+/Landmarks/S063/002/S063_002_00000001_landmarks.txt,../CK+/Landmarks/S063/002/S063_002_00000023_landmarks.txt
1,../CK+/cohn-kanade-images/S063/001/S063_001_00000001.png,../CK+/cohn-kanade-images/S063/001/S063_001_00000013.png,7,../CK+/Landmarks/S063/001/S063_001_00000001_landmarks.txt,../CK+/Landmarks/S063/001/S063_001_00000013_landmarks.txt
2,../CK+/cohn-kanade-images/S071/004/S071_004_00000001.png,../CK+/cohn-kanade-images/S071/004/S071_004_00000028.png,1,../CK+/Landmarks/S071/004/S071_004_00000001_landmarks.txt,../CK+/Landmarks/S071/004/S071_004_00000028_landmarks.txt
3,../CK+/cohn-kanade-images/S071/002/S071_002_00000001.png,../CK+/cohn-kanade-images/S071/002/S071_002_00000020.png,6,../CK+/Landmarks/S071/002/S071_002_00000001_landmarks.txt,../CK+/Landmarks/S071/002/S071_002_00000020_landmarks.txt
4,../CK+/cohn-kanade-images/S071/006/S071_006_00000001.png,../CK+/cohn-kanade-images/S071/006/S071_006_00000014.png,3,../CK+/Landmarks/S071/006/S071_006_00000001_landmarks.txt,../CK+/Landmarks/S071/006/S071_006_00000014_landmarks.txt
5,../CK+/cohn-kanade-images/S071/005/S071_005_00000001.png,../CK+/cohn-kanade-images/S071/005/S071_005_00000021.png,5,../CK+/Landmarks/S071/005/S071_005_00000001_landmarks.txt,../CK+/Landmarks/S071/005/S071_005_00000021_landmarks.txt
6,../CK+/cohn-kanade-images/S071/001/S071_001_00000001.png,../CK+/cohn-kanade-images/S071/001/S071_001_00000013.png,7,../CK+/Landmarks/S071/001/S071_001_00000001_landmarks.txt,../CK+/Landmarks/S071/001/S071_001_00000013_landmarks.txt
7,../CK+/cohn-kanade-images/S088/004/S088_004_00000001.png,../CK+/cohn-kanade-images/S088/004/S088_004_00000020.png,3,../CK+/Landmarks/S088/004/S088_004_00000001_landmarks.txt,../CK+/Landmarks/S088/004/S088_004_00000020_landmarks.txt
8,../CK+/cohn-kanade-images/S088/001/S088_001_00000001.png,../CK+/cohn-kanade-images/S088/001/S088_001_00000017.png,7,../CK+/Landmarks/S088/001/S088_001_00000001_landmarks.txt,../CK+/Landmarks/S088/001/S088_001_00000017_landmarks.txt
9,../CK+/cohn-kanade-images/S050/004/S050_004_00000001.png,../CK+/cohn-kanade-images/S050/004/S050_004_00000021.png,1,../CK+/Landmarks/S050/004/S050_004_00000001_landmarks.txt,../CK+/Landmarks/S050/004/S050_004_00000021_landmarks.txt
10,../CK+/cohn-kanade-images/S050/002/S050_002_00000001.png,../CK+/cohn-kanade-images/S050/002/S050_002_00000018.png,7,../CK+/Landmarks/S050/002/S050_002_00000001_landmarks.txt,../CK+/Landmarks/S050/002/S050_002_00000018_landmarks.txt
11,../CK+/cohn-kanade-images/S050/006/S050_006_00000001.png,../CK+/cohn-kanade-images/S050/006/S050_006_00000023.png,5,../CK+/Landmarks/S050/006/S050_006_00000001_landmarks.txt,../CK+/Landmarks/S050/006/S050_006_00000023_landmarks.txt
12,../CK+/cohn-kanade-images/S050/001/S050_001_00000001.png,../CK+/cohn-kanade-images/S050/001/S050_001_00000017.png,4,../CK+/Landmarks/S050/001/S050_001_00000001_landmarks.txt,../CK+/Landmarks/S050/001/S050_001_00000017_landmarks.txt
13,../CK+/cohn-kanade-images/S086/002/S086_002_00000001.png,../CK+/cohn-kanade-images/S086/002/S086_002_00000015.png,5,../CK+/Landmarks/S086/002/S086_002_00000001_landmarks.txt,../CK+/Landmarks/S086/002/S086_002_00000015_landmarks.txt
14,../CK+/cohn-kanade-images/S086/001/S086_001_00000001.png,../CK+/cohn-kanade-images/S086/001/S086_001_00000019.png,7,../CK+/Landmarks/S086/001/S086_001_00000001_landmarks.txt,../CK+/Landmarks/S086/001/S086_001_00000019_landmarks.txt
15,../CK+/cohn-kanade-images/S093/004/S093_004_00000001.png,../CK+/cohn-kanade-images/S093/004/S093_004_00000016.png,5,../CK+/Landmarks/S093/004/S093_004_00000001_landmarks.txt,../CK+/Landmarks/S093/004/S093_004_00000016_landmarks.txt
16,../CK+/cohn-kanade-images/S093/001/S093_001_00000001.png,../CK+/cohn-kanade-images/S093/001/S093_001_00000020.png,6,../CK+/Landmarks/S093/001/S093_001_00000001_landmarks.txt,../CK+/Landmarks/S093/001/S093_001_00000020_landmarks.txt
17,../CK+/cohn-kanade-images/S129/002/S129_002_00000001.png,../CK+/cohn-kanade-images/S129/002/S129_002_00000011.png,7,../CK+/Landmarks/S129/002/S129_002_00000001_landmarks.txt,../CK+/Landmarks/S129/002/S129_002_00000011_landmarks.txt
18,../CK+/cohn-kanade-images/S129/012/S129_012_00000001.png,../CK+/cohn-kanade-images/S129/012/S129_012_00000011.png,5,../CK+/Landmarks/S129/012/S129_012_00000001_landmarks.txt,../CK+/Landmarks/S129/012/S129_012_00000011_landmarks.txt
19,../CK+/cohn-kanade-images/S129/011/S129_011_00000001.png,../CK+/cohn-kanade-images/S129/011/S129_011_00000018.png,3,../CK+/Landmarks/S129/011/S129_011_00000001_landmarks.txt,../CK+/Landmarks/S129/011/S129_011_00000018_landmarks.txt
20,../CK+/cohn-kanade-images/S129/006/S129_006_00000001.png,../CK+/cohn-kanade-images/S129/006/S129_006_00000010.png,1,../CK+/Landmarks/S129/006/S129_006_00000001_landmarks.txt,../CK+/Landmarks/S129/006/S129_006_00000010_landmarks.txt
21,../CK+/cohn-kanade-images/S087/004/S087_004_00000001.png,../CK+/cohn-kanade-images/S087/004/S087_004_00000012.png,3,../CK+/Landmarks/S087/004/S087_004_00000001_landmarks.txt,../CK+/Landmarks/S087/004/S087_004_00000012_landmarks.txt
22,../CK+/cohn-kanade-images/S087/007/S087_007_00000001.png,../CK+/cohn-kanade-images/S087/007/S087_007_00000016.png,1,../CK+/Landmarks/S087/007/S087_007_00000001_landmarks.txt,../CK+/Landmarks/S087/007/S087_007_00000016_landmarks.txt
23,../CK+/cohn-kanade-images/S087/005/S087_005_00000001.png,../CK+/cohn-kanade-images/S087/005/S087_005_00000012.png,5,../CK+/Landmarks/S087/005/S087_005_00000001_landmarks.txt,../CK+/Landmarks/S087/005/S087_005_00000012_landmarks.txt
24,../CK+/cohn-kanade-images/S087/001/S087_001_00000001.png,../CK+/cohn-kanade-images/S087/001/S087_001_00000011.png,7,../CK+/Landmarks/S087/001/S087_001_00000001_landmarks.txt,../CK+/Landmarks/S087/001/S087_001_00000011_landmarks.txt
25,../CK+/cohn-kanade-images/S126/004/S126_004_00000001.png,../CK+/cohn-kanade-images/S126/004/S126_004_00000012.png,7,../CK+/Landmarks/S126/004/S126_004_00000001_landmarks.txt,../CK+/Landmarks/S126/004/S126_004_00000012_landmarks.txt
26,../CK+/cohn-kanade-images/S126/008/S126_008_00000001.png,../CK+/cohn-kanade-images/S126/008/S126_008_00000029.png,1,../CK+/Landmarks/S126/008/S126_008_00000001_landmarks.txt,../CK+/Landmarks/S126/008/S126_008_00000029_landmarks.txt
27,../CK+/cohn-kanade-images/S097/004/S097_004_00000001.png,../CK+/cohn-kanade-images/S097/004/S097_004_00000030.png,3,../CK+/Landmarks/S097/004/S097_004_00000001_landmarks.txt,../CK+/Landmarks/S097/004/S097_004_00000030_landmarks.txt
28,../CK+/cohn-kanade-images/S097/006/S097_006_00000001.png,../CK+/cohn-kanade-images/S097/006/S097_006_00000019.png,5,../CK+/Landmarks/S097/006/S097_006_00000001_landmarks.txt,../CK+/Landmarks/S097/006/S097_006_00000019_landmarks.txt
29,../CK+/cohn-kanade-images/S097/001/S097_001_00000001.png,../CK+/cohn-kanade-images/S097/001/S097_001_00000021.png,7,../CK+/Landmarks/S097/001/S097_001_00000001_landmarks.txt,../CK+/Landmarks/S097/001/S097_001_00000021_landmarks.txt
30,../CK+/cohn-kanade-images/S074/004/S074_004_00000001.png,../CK+/cohn-kanade-images/S074/004/S074_004_00000018.png,3,../CK+/Landmarks/S074/004/S074_004_00000001_landmarks.txt,../CK+/Landmarks/S074/004/S074_004_00000018_landmarks.txt
31,../CK+/cohn-kanade-images/S074/002/S074_002_00000001.png,../CK+/cohn-kanade-images/S074/002/S074_002_00000016.png,7,../CK+/Landmarks/S074/002/S074_002_00000001_landmarks.txt,../CK+/Landmarks/S074/002/S074_002_00000016_landmarks.txt
32,../CK+/cohn-kanade-images/S074/005/S074_005_00000001.png,../CK+/cohn-kanade-images/S074/005/S074_005_00000043.png,5,../CK+/Landmarks/S074/005/S074_005_00000001_landmarks.txt,../CK+/Landmarks/S074/005/S074_005_00000043_landmarks.txt
33,../CK+/cohn-kanade-images/S074/001/S074_001_00000001.png,../CK+/cohn-kanade-images/S074/001/S074_001_00000020.png,4,../CK+/Landmarks/S074/001/S074_001_00000001_landmarks.txt,../CK+/Landmarks/S074/001/S074_001_00000020_landmarks.txt
34,../CK+/cohn-kanade-images/S054/004/S054_004_00000001.png,../CK+/cohn-kanade-images/S054/004/S054_004_00000024.png,3,../CK+/Landmarks/S054/004/S054_004_00000001_landmarks.txt,../CK+/Landmarks/S054/004/S054_004_00000024_landmarks.txt
35,../CK+/cohn-kanade-images/S054/002/S054_002_00000001.png,../CK+/cohn-kanade-images/S054/002/S054_002_00000015.png,4,../CK+/Landmarks/S054/002/S054_002_00000001_landmarks.txt,../CK+/Landmarks/S054/002/S054_002_00000015_landmarks.txt
36,../CK+/cohn-kanade-images/S054/003/S054_003_00000001.png,../CK+/cohn-kanade-images/S054/003/S054_003_00000007.png,7,../CK+/Landmarks/S054/003/S054_003_00000001_landmarks.txt,../CK+/Landmarks/S054/003/S054_003_00000007_landmarks.txt
37,../CK+/cohn-kanade-images/S999/003/S999_003_00000001.png,../CK+/cohn-kanade-images/S999/003/S999_003_00000055.png,4,../CK+/Landmarks/S999/003/S999_003_00000001_landmarks.txt,../CK+/Landmarks/S999/003/S999_003_00000055_landmarks.txt
38,../CK+/cohn-kanade-images/S999/001/S999_001_00000001.png,../CK+/cohn-kanade-images/S999/001/S999_001_00000018.png,1,../CK+/Landmarks/S999/001/S999_001_00000001_landmarks.txt,../CK+/Landmarks/S999/001/S999_001_00000018_landmarks.txt
39,../CK+/cohn-kanade-images/S073/006/S073_006_00000001.png,../CK+/cohn-kanade-images/S073/006/S073_006_00000014.png,3,../CK+/Landmarks/S073/006/S073_006_00000001_landmarks.txt,../CK+/Landmarks/S073/006/S073_006_00000014_landmarks.txt
40,../CK+/cohn-kanade-images/S073/001/S073_001_00000001.png,../CK+/cohn-kanade-images/S073/001/S073_001_00000013.png,7,../CK+/Landmarks/S073/001/S073_001_00000001_landmarks.txt,../CK+/Landmarks/S073/001/S073_001_00000013_landmarks.txt
41,../CK+/cohn-kanade-images/S135/012/S135_012_00000001.png,../CK+/cohn-kanade-images/S135/012/S135_012_00000020.png,5,../CK+/Landmarks/S135/012/S135_012_00000001_landmarks.txt,../CK+/Landmarks/S135/012/S135_012_00000020_landmarks.txt
42,../CK+/cohn-kanade-images/S135/001/S135_001_00000001.png,../CK+/cohn-kanade-images/S135/001/S135_001_00000039.png,7,../CK+/Landmarks/S135/001/S135_001_00000001_landmarks.txt,../CK+/Landmarks/S135/001/S135_001_00000039_landmarks.txt
43,../CK+/cohn-kanade-images/S147/002/S147_002_00000001.png,../CK+/cohn-kanade-images/S147/002/S147_002_00000013.png,2,../CK+/Landmarks/S147/002/S147_002_00000001_landmarks.txt,../CK+/Landmarks/S147/002/S147_002_00000013_landmarks.txt
44,../CK+/cohn-kanade-images/S098/004/S098_004_00000001.png,../CK+/cohn-kanade-images/S098/004/S098_004_00000015.png,5,../CK+/Landmarks/S098/004/S098_004_00000001_landmarks.txt,../CK+/Landmarks/S098/004/S098_004_00000015_landmarks.txt
45,../CK+/cohn-kanade-images/S098/003/S098_003_00000001.png,../CK+/cohn-kanade-images/S098/003/S098_003_00000013.png,3,../CK+/Landmarks/S098/003/S098_003_00000001_landmarks.txt,../CK+/Landmarks/S098/003/S098_003_00000013_landmarks.txt
46,../CK+/cohn-kanade-images/S107/005/S107_005_00000001.png,../CK+/cohn-kanade-images/S107/005/S107_005_00000011.png,3,../CK+/Landmarks/S107/005/S107_005_00000001_landmarks.txt,../CK+/Landmarks/S107/005/S107_005_00000011_landmarks.txt
47,../CK+/cohn-kanade-images/S107/001/S107_001_00000001.png,../CK+/cohn-kanade-images/S107/001/S107_001_00000010.png,7,../CK+/Landmarks/S107/001/S107_001_00000001_landmarks.txt,../CK+/Landmarks/S107/001/S107_001_00000010_landmarks.txt
48,../CK+/cohn-kanade-images/S065/004/S065_004_00000001.png,../CK+/cohn-kanade-images/S065/004/S065_004_00000028.png,5,../CK+/Landmarks/S065/004/S065_004_00000001_landmarks.txt,../CK+/Landmarks/S065/004/S065_004_00000028_landmarks.txt
49,../CK+/cohn-kanade-images/S065/002/S065_002_00000001.png,../CK+/cohn-kanade-images/S065/002/S065_002_00000022.png,4,../CK+/Landmarks/S065/002/S065_002_00000001_landmarks.txt,../CK+/Landmarks/S065/002/S065_002_00000022_landmarks.txt
50,../CK+/cohn-kanade-images/S065/003/S065_003_00000001.png,../CK+/cohn-kanade-images/S065/003/S065_003_00000022.png,7,../CK+/Landmarks/S065/003/S065_003_00000001_landmarks.txt,../CK+/Landmarks/S065/003/S065_003_00000022_landmarks.txt
51,../CK+/cohn-kanade-images/S065/005/S065_005_00000001.png,../CK+/cohn-kanade-images/S065/005/S065_005_00000008.png,3,../CK+/Landmarks/S065/005/S065_005_00000001_landmarks.txt,../CK+/Landmarks/S065/005/S065_005_00000008_landmarks.txt
52,../CK+/cohn-kanade-images/S157/002/S157_002_00000001.png,../CK+/cohn-kanade-images/S157/002/S157_002_00000011.png,2,../CK+/Landmarks/S157/002/S157_002_00000001_landmarks.txt,../CK+/Landmarks/S157/002/S157_002_00000011_landmarks.txt
53,../CK+/cohn-kanade-images/S022/006/S022_006_00000001.png,../CK+/cohn-kanade-images/S022/006/S022_006_00000017.png,3,../CK+/Landmarks/S022/006/S022_006_00000001_landmarks.txt,../CK+/Landmarks/S022/006/S022_006_00000017_landmarks.txt
54,../CK+/cohn-kanade-images/S022/005/S022_005_00000001.png,../CK+/cohn-kanade-images/S022/005/S022_005_00000032.png,1,../CK+/Landmarks/S022/005/S022_005_00000001_landmarks.txt,../CK+/Landmarks/S022/005/S022_005_00000032_landmarks.txt
55,../CK+/cohn-kanade-images/S022/001/S022_001_00000001.png,../CK+/cohn-kanade-images/S022/001/S022_001_00000030.png,7,../CK+/Landmarks/S022/001/S022_001_00000001_landmarks.txt,../CK+/Landmarks/S022/001/S022_001_00000030_landmarks.txt
56,../CK+/cohn-kanade-images/S132/002/S132_002_00000001.png,../CK+/cohn-kanade-images/S132/002/S132_002_00000018.png,6,../CK+/Landmarks/S132/002/S132_002_00000001_landmarks.txt,../CK+/Landmarks/S132/002/S132_002_00000018_landmarks.txt
57,../CK+/cohn-kanade-images/S132/003/S132_003_00000001.png,../CK+/cohn-kanade-images/S132/003/S132_003_00000023.png,4,../CK+/Landmarks/S132/003/S132_003_00000001_landmarks.txt,../CK+/Landmarks/S132/003/S132_003_00000023_landmarks.txt
58,../CK+/cohn-kanade-images/S132/006/S132_006_00000001.png,../CK+/cohn-kanade-images/S132/006/S132_006_00000023.png,5,../CK+/Landmarks/S132/006/S132_006_00000001_landmarks.txt,../CK+/Landmarks/S132/006/S132_006_00000023_landmarks.txt
59,../CK+/cohn-kanade-images/S132/005/S132_005_00000001.png,../CK+/cohn-kanade-images/S132/005/S132_005_00000016.png,3,../CK+/Landmarks/S132/005/S132_005_00000001_landmarks.txt,../CK+/Landmarks/S132/005/S132_005_00000016_landmarks.txt
60,../CK+/cohn-kanade-images/S132/008/S132_008_00000001.png,../CK+/cohn-kanade-images/S132/008/S132_008_00000010.png,7,../CK+/Landmarks/S132/008/S132_008_00000001_landmarks.txt,../CK+/Landmarks/S132/008/S132_008_00000010_landmarks.txt
61,../CK+/cohn-kanade-images/S119/003/S119_003_00000001.png,../CK+/cohn-kanade-images/S119/003/S119_003_00000024.png,4,../CK+/Landmarks/S119/003/S119_003_00000001_landmarks.txt,../CK+/Landmarks/S119/003/S119_003_00000024_landmarks.txt
62,../CK+/cohn-kanade-images/S119/008/S119_008_00000001.png,../CK+/cohn-kanade-images/S119/008/S119_008_00000018.png,1,../CK+/Landmarks/S119/008/S119_008_00000001_landmarks.txt,../CK+/Landmarks/S119/008/S119_008_00000018_landmarks.txt
63,../CK+/cohn-kanade-images/S119/001/S119_001_00000001.png,../CK+/cohn-kanade-images/S119/001/S119_001_00000011.png,7,../CK+/Landmarks/S119/001/S119_001_00000001_landmarks.txt,../CK+/Landmarks/S119/001/S119_001_00000011_landmarks.txt
64,../CK+/cohn-kanade-images/S061/004/S061_004_00000001.png,../CK+/cohn-kanade-images/S061/004/S061_004_00000022.png,3,../CK+/Landmarks/S061/004/S061_004_00000001_landmarks.txt,../CK+/Landmarks/S061/004/S061_004_00000022_landmarks.txt
65,../CK+/cohn-kanade-images/S061/002/S061_002_00000001.png,../CK+/cohn-kanade-images/S061/002/S061_002_00000015.png,5,../CK+/Landmarks/S061/002/S061_002_00000001_landmarks.txt,../CK+/Landmarks/S061/002/S061_002_00000015_landmarks.txt
66,../CK+/cohn-kanade-images/S061/001/S061_001_00000001.png,../CK+/cohn-kanade-images/S061/001/S061_001_00000012.png,7,../CK+/Landmarks/S061/001/S061_001_00000001_landmarks.txt,../CK+/Landmarks/S061/001/S061_001_00000012_landmarks.txt
67,../CK+/cohn-kanade-images/S068/004/S068_004_00000001.png,../CK+/cohn-kanade-images/S068/004/S068_004_00000010.png,4,../CK+/Landmarks/S068/004/S068_004_00000001_landmarks.txt,../CK+/Landmarks/S068/004/S068_004_00000010_landmarks.txt
68,../CK+/cohn-kanade-images/S068/002/S068_002_00000001.png,../CK+/cohn-kanade-images/S068/002/S068_002_00000015.png,5,../CK+/Landmarks/S068/002/S068_002_00000001_landmarks.txt,../CK+/Landmarks/S068/002/S068_002_00000015_landmarks.txt
69,../CK+/cohn-kanade-images/S068/003/S068_003_00000001.png,../CK+/cohn-kanade-images/S068/003/S068_003_00000014.png,7,../CK+/Landmarks/S068/003/S068_003_00000001_landmarks.txt,../CK+/Landmarks/S068/003/S068_003_00000014_landmarks.txt
70,../CK+/cohn-kanade-images/S068/005/S068_005_00000001.png,../CK+/cohn-kanade-images/S068/005/S068_005_00000021.png,3,../CK+/Landmarks/S068/005/S068_005_00000001_landmarks.txt,../CK+/Landmarks/S068/005/S068_005_00000021_landmarks.txt
71,../CK+/cohn-kanade-images/S134/004/S134_004_00000001.png,../CK+/cohn-kanade-images/S134/004/S134_004_00000015.png,5,../CK+/Landmarks/S134/004/S134_004_00000001_landmarks.txt,../CK+/Landmarks/S134/004/S134_004_00000015_landmarks.txt
72,../CK+/cohn-kanade-images/S134/003/S134_003_00000001.png,../CK+/cohn-kanade-images/S134/003/S134_003_00000011.png,1,../CK+/Landmarks/S134/003/S134_003_00000001_landmarks.txt,../CK+/Landmarks/S134/003/S134_003_00000011_landmarks.txt
73,../CK+/cohn-kanade-images/S134/008/S134_008_00000001.png,../CK+/cohn-kanade-images/S134/008/S134_008_00000013.png,3,../CK+/Landmarks/S134/008/S134_008_00000001_landmarks.txt,../CK+/Landmarks/S134/008/S134_008_00000013_landmarks.txt
74,../CK+/cohn-kanade-images/S112/005/S112_005_00000001.png,../CK+/cohn-kanade-images/S112/005/S112_005_00000017.png,1,../CK+/Landmarks/S112/005/S112_005_00000001_landmarks.txt,../CK+/Landmarks/S112/005/S112_005_00000017_landmarks.txt
75,../CK+/cohn-kanade-images/S149/002/S149_002_00000001.png,../CK+/cohn-kanade-images/S149/002/S149_002_00000013.png,2,../CK+/Landmarks/S149/002/S149_002_00000001_landmarks.txt,../CK+/Landmarks/S149/002/S149_002_00000013_landmarks.txt
76,../CK+/cohn-kanade-images/S106/004/S106_004_00000001.png,../CK+/cohn-kanade-images/S106/004/S106_004_00000008.png,3,../CK+/Landmarks/S106/004/S106_004_00000001_landmarks.txt,../CK+/Landmarks/S106/004/S106_004_00000008_landmarks.txt
77,../CK+/cohn-kanade-images/S106/002/S106_002_00000001.png,../CK+/cohn-kanade-images/S106/002/S106_002_00000016.png,6,../CK+/Landmarks/S106/002/S106_002_00000001_landmarks.txt,../CK+/Landmarks/S106/002/S106_002_00000016_landmarks.txt
78,../CK+/cohn-kanade-images/S106/006/S106_006_00000001.png,../CK+/cohn-kanade-images/S106/006/S106_006_00000011.png,5,../CK+/Landmarks/S106/006/S106_006_00000001_landmarks.txt,../CK+/Landmarks/S106/006/S106_006_00000011_landmarks.txt
79,../CK+/cohn-kanade-images/S053/004/S053_004_00000001.png,../CK+/cohn-kanade-images/S053/004/S053_004_00000024.png,5,../CK+/Landmarks/S053/004/S053_004_00000001_landmarks.txt,../CK+/Landmarks/S053/004/S053_004_00000024_landmarks.txt
80,../CK+/cohn-kanade-images/S053/001/S053_001_00000001.png,../CK+/cohn-kanade-images/S053/001/S053_001_00000023.png,7,../CK+/Landmarks/S053/001/S053_001_00000001_landmarks.txt,../CK+/Landmarks/S053/001/S053_001_00000023_landmarks.txt
81,../CK+/cohn-kanade-images/S113/003/S113_003_00000001.png,../CK+/cohn-kanade-images/S113/003/S113_003_00000015.png,6,../CK+/Landmarks/S113/003/S113_003_00000001_landmarks.txt,../CK+/Landmarks/S113/003/S113_003_00000015_landmarks.txt
82,../CK+/cohn-kanade-images/S113/008/S113_008_00000001.png,../CK+/cohn-kanade-images/S113/008/S113_008_00000023.png,1,../CK+/Landmarks/S113/008/S113_008_00000001_landmarks.txt,../CK+/Landmarks/S113/008/S113_008_00000023_landmarks.txt
83,../CK+/cohn-kanade-images/S113/001/S113_001_00000001.png,../CK+/cohn-kanade-images/S113/001/S113_001_00000012.png,7,../CK+/Landmarks/S113/001/S113_001_00000001_landmarks.txt,../CK+/Landmarks/S113/001/S113_001_00000012_landmarks.txt
84,../CK+/cohn-kanade-images/S067/004/S067_004_00000001.png,../CK+/cohn-kanade-images/S067/004/S067_004_00000023.png,1,../CK+/Landmarks/S067/004/S067_004_00000001_landmarks.txt,../CK+/Landmarks/S067/004/S067_004_00000023_landmarks.txt
85,../CK+/cohn-kanade-images/S067/002/S067_002_00000001.png,../CK+/cohn-kanade-images/S067/002/S067_002_00000014.png,7,../CK+/Landmarks/S067/002/S067_002_00000001_landmarks.txt,../CK+/Landmarks/S067/002/S067_002_00000014_landmarks.txt
86,../CK+/cohn-kanade-images/S067/006/S067_006_00000001.png,../CK+/cohn-kanade-images/S067/006/S067_006_00000011.png,3,../CK+/Landmarks/S067/006/S067_006_00000001_landmarks.txt,../CK+/Landmarks/S067/006/S067_006_00000011_landmarks.txt
87,../CK+/cohn-kanade-images/S067/005/S067_005_00000001.png,../CK+/cohn-kanade-images/S067/005/S067_005_00000022.png,5,../CK+/Landmarks/S067/005/S067_005_00000001_landmarks.txt,../CK+/Landmarks/S067/005/S067_005_00000022_landmarks.txt
88,../CK+/cohn-kanade-images/S045/004/S045_004_00000001.png,../CK+/cohn-kanade-images/S045/004/S045_004_00000015.png,3,../CK+/Landmarks/S045/004/S045_004_00000001_landmarks.txt,../CK+/Landmarks/S045/004/S045_004_00000015_landmarks.txt
89,../CK+/cohn-kanade-images/S045/005/S045_005_00000001.png,../CK+/cohn-kanade-images/S045/005/S045_005_00000030.png,1,../CK+/Landmarks/S045/005/S045_005_00000001_landmarks.txt,../CK+/Landmarks/S045/005/S045_005_00000030_landmarks.txt
90,../CK+/cohn-kanade-images/S089/002/S089_002_00000001.png,../CK+/cohn-kanade-images/S089/002/S089_002_00000021.png,5,../CK+/Landmarks/S089/002/S089_002_00000001_landmarks.txt,../CK+/Landmarks/S089/002/S089_002_00000021_landmarks.txt
91,../CK+/cohn-kanade-images/S089/003/S089_003_00000001.png,../CK+/cohn-kanade-images/S089/003/S089_003_00000036.png,1,../CK+/Landmarks/S089/003/S089_003_00000001_landmarks.txt,../CK+/Landmarks/S089/003/S089_003_00000036_landmarks.txt
92,../CK+/cohn-kanade-images/S089/001/S089_001_00000001.png,../CK+/cohn-kanade-images/S089/001/S089_001_00000016.png,7,../CK+/Landmarks/S089/001/S089_001_00000001_landmarks.txt,../CK+/Landmarks/S089/001/S089_001_00000016_landmarks.txt
93,../CK+/cohn-kanade-images/S101/002/S101_002_00000001.png,../CK+/cohn-kanade-images/S101/002/S101_002_00000019.png,7,../CK+/Landmarks/S101/002/S101_002_00000001_landmarks.txt,../CK+/Landmarks/S101/002/S101_002_00000019_landmarks.txt
94,../CK+/cohn-kanade-images/S116/006/S116_006_00000001.png,../CK+/cohn-kanade-images/S116/006/S116_006_00000007.png,3,../CK+/Landmarks/S116/006/S116_006_00000001_landmarks.txt,../CK+/Landmarks/S116/006/S116_006_00000007_landmarks.txt
95,../CK+/cohn-kanade-images/S116/007/S116_007_00000001.png,../CK+/cohn-kanade-images/S116/007/S116_007_00000017.png,5,../CK+/Landmarks/S116/007/S116_007_00000001_landmarks.txt,../CK+/Landmarks/S116/007/S116_007_00000017_landmarks.txt
96,../CK+/cohn-kanade-images/S116/001/S116_001_00000001.png,../CK+/cohn-kanade-images/S116/001/S116_001_00000014.png,7,../CK+/Landmarks/S116/001/S116_001_00000001_landmarks.txt,../CK+/Landmarks/S116/001/S116_001_00000014_landmarks.txt
97,../CK+/cohn-kanade-images/S037/003/S037_003_00000001.png,../CK+/cohn-kanade-images/S037/003/S037_003_00000022.png,1,../CK+/Landmarks/S037/003/S037_003_00000001_landmarks.txt,../CK+/Landmarks/S037/003/S037_003_00000022_landmarks.txt
98,../CK+/cohn-kanade-images/S037/006/S037_006_00000001.png,../CK+/cohn-kanade-images/S037/006/S037_006_00000021.png,5,../CK+/Landmarks/S037/006/S037_006_00000001_landmarks.txt,../CK+/Landmarks/S037/006/S037_006_00000021_landmarks.txt
99,../CK+/cohn-kanade-images/S037/001/S037_001_00000001.png,../CK+/cohn-kanade-images/S037/001/S037_001_00000020.png,7,../CK+/Landmarks/S037/001/S037_001_00000001_landmarks.txt,../CK+/Landmarks/S037/001/S037_001_00000020_landmarks.txt
100,../CK+/cohn-kanade-images/S114/006/S114_006_00000001.png,../CK+/cohn-kanade-images/S114/006/S114_006_00000023.png,5,../CK+/Landmarks/S114/006/S114_006_00000001_landmarks.txt,../CK+/Landmarks/S114/006/S114_006_00000023_landmarks.txt
101,../CK+/cohn-kanade-images/S114/001/S114_001_00000001.png,../CK+/cohn-kanade-images/S114/001/S114_001_00000018.png,7,../CK+/Landmarks/S114/001/S114_001_00000001_landmarks.txt,../CK+/Landmarks/S114/001/S114_001_00000018_landmarks.txt
102,../CK+/cohn-kanade-images/S062/004/S062_004_00000001.png,../CK+/cohn-kanade-images/S062/004/S062_004_00000024.png,5,../CK+/Landmarks/S062/004/S062_004_00000001_landmarks.txt,../CK+/Landmarks/S062/004/S062_004_00000024_landmarks.txt
103,../CK+/cohn-kanade-images/S062/002/S062_002_00000001.png,../CK+/cohn-kanade-images/S062/002/S062_002_00000016.png,7,../CK+/Landmarks/S062/002/S062_002_00000001_landmarks.txt,../CK+/Landmarks/S062/002/S062_002_00000016_landmarks.txt
104,../CK+/cohn-kanade-images/S062/005/S062_005_00000001.png,../CK+/cohn-kanade-images/S062/005/S062_005_00000029.png,3,../CK+/Landmarks/S062/005/S062_005_00000001_landmarks.txt,../CK+/Landmarks/S062/005/S062_005_00000029_landmarks.txt
105,../CK+/cohn-kanade-images/S062/001/S062_001_00000001.png,../CK+/cohn-kanade-images/S062/001/S062_001_00000017.png,4,../CK+/Landmarks/S062/001/S062_001_00000001_landmarks.txt,../CK+/Landmarks/S062/001/S062_001_00000017_landmarks.txt
106,../CK+/cohn-kanade-images/S060/002/S060_002_00000001.png,../CK+/cohn-kanade-images/S060/002/S060_002_00000026.png,5,../CK+/Landmarks/S060/002/S060_002_00000001_landmarks.txt,../CK+/Landmarks/S060/002/S060_002_00000026_landmarks.txt
107,../CK+/cohn-kanade-images/S060/003/S060_003_00000001.png,../CK+/cohn-kanade-images/S060/003/S060_003_00000018.png,7,../CK+/Landmarks/S060/003/S060_003_00000001_landmarks.txt,../CK+/Landmarks/S060/003/S060_003_00000018_landmarks.txt
108,../CK+/cohn-kanade-images/S060/005/S060_005_00000001.png,../CK+/cohn-kanade-images/S060/005/S060_005_00000021.png,3,../CK+/Landmarks/S060/005/S060_005_00000001_landmarks.txt,../CK+/Landmarks/S060/005/S060_005_00000021_landmarks.txt
109,../CK+/cohn-kanade-images/S160/006/S160_006_00000001.png,../CK+/cohn-kanade-images/S160/006/S160_006_00000010.png,2,../CK+/Landmarks/S160/006/S160_006_00000001_landmarks.txt,../CK+/Landmarks/S160/006/S160_006_00000010_landmarks.txt
110,../CK+/cohn-kanade-images/S501/004/S501_004_00000001.png,../CK+/cohn-kanade-images/S501/004/S501_004_00000056.png,4,../CK+/Landmarks/S501/004/S501_004_00000001_landmarks.txt,../CK+/Landmarks/S501/004/S501_004_00000056_landmarks.txt
111,../CK+/cohn-kanade-images/S501/006/S501_006_00000001.png,../CK+/cohn-kanade-images/S501/006/S501_006_00000041.png,6,../CK+/Landmarks/S501/006/S501_006_00000001_landmarks.txt,../CK+/Landmarks/S501/006/S501_006_00000041_landmarks.txt
112,../CK+/cohn-kanade-images/S501/001/S501_001_00000001.png,../CK+/cohn-kanade-images/S501/001/S501_001_00000067.png,1,../CK+/Landmarks/S501/001/S501_001_00000001_landmarks.txt,../CK+/Landmarks/S501/001/S501_001_00000067_landmarks.txt
113,../CK+/cohn-kanade-images/S133/003/S133_003_00000001.png,../CK+/cohn-kanade-images/S133/003/S133_003_00000047.png,1,../CK+/Landmarks/S133/003/S133_003_00000001_landmarks.txt,../CK+/Landmarks/S133/003/S133_003_00000047_landmarks.txt
114,../CK+/cohn-kanade-images/S133/010/S133_010_00000001.png,../CK+/cohn-kanade-images/S133/010/S133_010_00000014.png,5,../CK+/Landmarks/S133/010/S133_010_00000001_landmarks.txt,../CK+/Landmarks/S133/010/S133_010_00000014_landmarks.txt
115,../CK+/cohn-kanade-images/S133/009/S133_009_00000001.png,../CK+/cohn-kanade-images/S133/009/S133_009_00000006.png,7,../CK+/Landmarks/S133/009/S133_009_00000001_landmarks.txt,../CK+/Landmarks/S133/009/S133_009_00000006_landmarks.txt
116,../CK+/cohn-kanade-images/S124/003/S124_003_00000001.png,../CK+/cohn-kanade-images/S124/003/S124_003_00000011.png,4,../CK+/Landmarks/S124/003/S124_003_00000001_landmarks.txt,../CK+/Landmarks/S124/003/S124_003_00000011_landmarks.txt
117,../CK+/cohn-kanade-images/S124/006/S124_006_00000001.png,../CK+/cohn-kanade-images/S124/006/S124_006_00000011.png,3,../CK+/Landmarks/S124/006/S124_006_00000001_landmarks.txt,../CK+/Landmarks/S124/006/S124_006_00000011_landmarks.txt
118,../CK+/cohn-kanade-images/S124/007/S124_007_00000001.png,../CK+/cohn-kanade-images/S124/007/S124_007_00000024.png,5,../CK+/Landmarks/S124/007/S124_007_00000001_landmarks.txt,../CK+/Landmarks/S124/007/S124_007_00000024_landmarks.txt
119,../CK+/cohn-kanade-images/S124/001/S124_001_00000001.png,../CK+/cohn-kanade-images/S124/001/S124_001_00000014.png,7,../CK+/Landmarks/S124/001/S124_001_00000001_landmarks.txt,../CK+/Landmarks/S124/001/S124_001_00000014_landmarks.txt
120,../CK+/cohn-kanade-images/S154/002/S154_002_00000001.png,../CK+/cohn-kanade-images/S154/002/S154_002_00000013.png,2,../CK+/Landmarks/S154/002/S154_002_00000001_landmarks.txt,../CK+/Landmarks/S154/002/S154_002_00000013_landmarks.txt
121,../CK+/cohn-kanade-images/S076/006/S076_006_00000001.png,../CK+/cohn-kanade-images/S076/006/S076_006_00000019.png,5,../CK+/Landmarks/S076/006/S076_006_00000001_landmarks.txt,../CK+/Landmarks/S076/006/S076_006_00000019_landmarks.txt
122,../CK+/cohn-kanade-images/S076/005/S076_005_00000001.png,../CK+/cohn-kanade-images/S076/005/S076_005_00000012.png,3,../CK+/Landmarks/S076/005/S076_005_00000001_landmarks.txt,../CK+/Landmarks/S076/005/S076_005_00000012_landmarks.txt
123,../CK+/cohn-kanade-images/S076/001/S076_001_00000001.png,../CK+/cohn-kanade-images/S076/001/S076_001_00000017.png,7,../CK+/Landmarks/S076/001/S076_001_00000001_landmarks.txt,../CK+/Landmarks/S076/001/S076_001_00000017_landmarks.txt
124,../CK+/cohn-kanade-images/S026/002/S026_002_00000001.png,../CK+/cohn-kanade-images/S026/002/S026_002_00000016.png,6,../CK+/Landmarks/S026/002/S026_002_00000001_landmarks.txt,../CK+/Landmarks/S026/002/S026_002_00000016_landmarks.txt
125,../CK+/cohn-kanade-images/S026/003/S026_003_00000001.png,../CK+/cohn-kanade-images/S026/003/S026_003_00000015.png,1,../CK+/Landmarks/S026/003/S026_003_00000001_landmarks.txt,../CK+/Landmarks/S026/003/S026_003_00000015_landmarks.txt
126,../CK+/cohn-kanade-images/S026/006/S026_006_00000001.png,../CK+/cohn-kanade-images/S026/006/S026_006_00000013.png,5,../CK+/Landmarks/S026/006/S026_006_00000001_landmarks.txt,../CK+/Landmarks/S026/006/S026_006_00000013_landmarks.txt
127,../CK+/cohn-kanade-images/S026/001/S026_001_00000001.png,../CK+/cohn-kanade-images/S026/001/S026_001_00000015.png,7,../CK+/Landmarks/S026/001/S026_001_00000001_landmarks.txt,../CK+/Landmarks/S026/001/S026_001_00000015_landmarks.txt
128,../CK+/cohn-kanade-images/S503/002/S503_002_00000001.png,../CK+/cohn-kanade-images/S503/002/S503_002_00000008.png,2,../CK+/Landmarks/S503/002/S503_002_00000001_landmarks.txt,../CK+/Landmarks/S503/002/S503_002_00000008_landmarks.txt
129,../CK+/cohn-kanade-images/S503/006/S503_006_00000001.png,../CK+/cohn-kanade-images/S503/006/S503_006_00000020.png,6,../CK+/Landmarks/S503/006/S503_006_00000001_landmarks.txt,../CK+/Landmarks/S503/006/S503_006_00000020_landmarks.txt
130,../CK+/cohn-kanade-images/S503/001/S503_001_00000001.png,../CK+/cohn-kanade-images/S503/001/S503_001_00000071.png,1,../CK+/Landmarks/S503/001/S503_001_00000001_landmarks.txt,../CK+/Landmarks/S503/001/S503_001_00000071_landmarks.txt
131,../CK+/cohn-kanade-images/S110/001/S110_001_00000001.png,../CK+/cohn-kanade-images/S110/001/S110_001_00000013.png,7,../CK+/Landmarks/S110/001/S110_001_00000001_landmarks.txt,../CK+/Landmarks/S110/001/S110_001_00000013_landmarks.txt
132,../CK+/cohn-kanade-images/S504/004/S504_004_00000001.png,../CK+/cohn-kanade-images/S504/004/S504_004_00000015.png,4,../CK+/Landmarks/S504/004/S504_004_00000001_landmarks.txt,../CK+/Landmarks/S504/004/S504_004_00000015_landmarks.txt
133,../CK+/cohn-kanade-images/S504/002/S504_002_00000001.png,../CK+/cohn-kanade-images/S504/002/S504_002_00000009.png,2,../CK+/Landmarks/S504/002/S504_002_00000001_landmarks.txt,../CK+/Landmarks/S504/002/S504_002_00000009_landmarks.txt
134,../CK+/cohn-kanade-images/S504/006/S504_006_00000001.png,../CK+/cohn-kanade-images/S504/006/S504_006_00000018.png,6,../CK+/Landmarks/S504/006/S504_006_00000001_landmarks.txt,../CK+/Landmarks/S504/006/S504_006_00000018_landmarks.txt
135,../CK+/cohn-kanade-images/S504/001/S504_001_00000001.png,../CK+/cohn-kanade-images/S504/001/S504_001_00000022.png,1,../CK+/Landmarks/S504/001/S504_001_00000001_landmarks.txt,../CK+/Landmarks/S504/001/S504_001_00000022_landmarks.txt
136,../CK+/cohn-kanade-images/S506/004/S506_004_00000001.png,../CK+/cohn-kanade-images/S506/004/S506_004_00000038.png,4,../CK+/Landmarks/S506/004/S506_004_00000001_landmarks.txt,../CK+/Landmarks/S506/004/S506_004_00000038_landmarks.txt
137,../CK+/cohn-kanade-images/S506/002/S506_002_00000001.png,../CK+/cohn-kanade-images/S506/002/S506_002_00000009.png,2,../CK+/Landmarks/S506/002/S506_002_00000001_landmarks.txt,../CK+/Landmarks/S506/002/S506_002_00000009_landmarks.txt
138,../CK+/cohn-kanade-images/S506/001/S506_001_00000001.png,../CK+/cohn-kanade-images/S506/001/S506_001_00000040.png,1,../CK+/Landmarks/S506/001/S506_001_00000001_landmarks.txt,../CK+/Landmarks/S506/001/S506_001_00000040_landmarks.txt
139,../CK+/cohn-kanade-images/S109/003/S109_003_00000001.png,../CK+/cohn-kanade-images/S109/003/S109_003_00000017.png,1,../CK+/Landmarks/S109/003/S109_003_00000001_landmarks.txt,../CK+/Landmarks/S109/003/S109_003_00000017_landmarks.txt
140,../CK+/cohn-kanade-images/S109/006/S109_006_00000001.png,../CK+/cohn-kanade-images/S109/006/S109_006_00000015.png,5,../CK+/Landmarks/S109/006/S109_006_00000001_landmarks.txt,../CK+/Landmarks/S109/006/S109_006_00000015_landmarks.txt
141,../CK+/cohn-kanade-images/S109/005/S109_005_00000001.png,../CK+/cohn-kanade-images/S109/005/S109_005_00000014.png,3,../CK+/Landmarks/S109/005/S109_005_00000001_landmarks.txt,../CK+/Landmarks/S109/005/S109_005_00000014_landmarks.txt
142,../CK+/cohn-kanade-images/S156/002/S156_002_00000001.png,../CK+/cohn-kanade-images/S156/002/S156_002_00000021.png,2,../CK+/Landmarks/S156/002/S156_002_00000001_landmarks.txt,../CK+/Landmarks/S156/002/S156_002_00000021_landmarks.txt
143,../CK+/cohn-kanade-images/S051/002/S051_002_00000001.png,../CK+/cohn-kanade-images/S051/002/S051_002_00000019.png,7,../CK+/Landmarks/S051/002/S051_002_00000001_landmarks.txt,../CK+/Landmarks/S051/002/S051_002_00000019_landmarks.txt
144,../CK+/cohn-kanade-images/S051/003/S051_003_00000001.png,../CK+/cohn-kanade-images/S051/003/S051_003_00000018.png,3,../CK+/Landmarks/S051/003/S051_003_00000001_landmarks.txt,../CK+/Landmarks/S051/003/S051_003_00000018_landmarks.txt
145,../CK+/cohn-kanade-images/S111/006/S111_006_00000001.png,../CK+/cohn-kanade-images/S111/006/S111_006_00000010.png,1,../CK+/Landmarks/S111/006/S111_006_00000001_landmarks.txt,../CK+/Landmarks/S111/006/S111_006_00000010_landmarks.txt
146,../CK+/cohn-kanade-images/S111/007/S111_007_00000001.png,../CK+/cohn-kanade-images/S111/007/S111_007_00000014.png,3,../CK+/Landmarks/S111/007/S111_007_00000001_landmarks.txt,../CK+/Landmarks/S111/007/S111_007_00000014_landmarks.txt
147,../CK+/cohn-kanade-images/S111/001/S111_001_00000001.png,../CK+/cohn-kanade-images/S111/001/S111_001_00000014.png,7,../CK+/Landmarks/S111/001/S111_001_00000001_landmarks.txt,../CK+/Landmarks/S111/001/S111_001_00000014_landmarks.txt
148,../CK+/cohn-kanade-images/S057/003/S057_003_00000001.png,../CK+/cohn-kanade-images/S057/003/S057_003_00000015.png,3,../CK+/Landmarks/S057/003/S057_003_00000001_landmarks.txt,../CK+/Landmarks/S057/003/S057_003_00000015_landmarks.txt
149,../CK+/cohn-kanade-images/S057/006/S057_006_00000001.png,../CK+/cohn-kanade-images/S057/006/S057_006_00000033.png,5,../CK+/Landmarks/S057/006/S057_006_00000001_landmarks.txt,../CK+/Landmarks/S057/006/S057_006_00000033_landmarks.txt
150,../CK+/cohn-kanade-images/S057/001/S057_001_00000001.png,../CK+/cohn-kanade-images/S057/001/S057_001_00000019.png,7,../CK+/Landmarks/S057/001/S057_001_00000001_landmarks.txt,../CK+/Landmarks/S057/001/S057_001_00000019_landmarks.txt
151,../CK+/cohn-kanade-images/S505/002/S505_002_00000001.png,../CK+/cohn-kanade-images/S505/002/S505_002_00000021.png,2,../CK+/Landmarks/S505/002/S505_002_00000001_landmarks.txt,../CK+/Landmarks/S505/002/S505_002_00000021_landmarks.txt
152,../CK+/cohn-kanade-images/S505/006/S505_006_00000001.png,../CK+/cohn-kanade-images/S505/006/S505_006_00000019.png,6,../CK+/Landmarks/S505/006/S505_006_00000001_landmarks.txt,../CK+/Landmarks/S505/006/S505_006_00000019_landmarks.txt
153,../CK+/cohn-kanade-images/S079/004/S079_004_00000001.png,../CK+/cohn-kanade-images/S079/004/S079_004_00000026.png,5,../CK+/Landmarks/S079/004/S079_004_00000001_landmarks.txt,../CK+/Landmarks/S079/004/S079_004_00000026_landmarks.txt
154,../CK+/cohn-kanade-images/S079/002/S079_002_00000001.png,../CK+/cohn-kanade-images/S079/002/S079_002_00000012.png,3,../CK+/Landmarks/S079/002/S079_002_00000001_landmarks.txt,../CK+/Landmarks/S079/002/S079_002_00000012_landmarks.txt
155,../CK+/cohn-kanade-images/S079/001/S079_001_00000001.png,../CK+/cohn-kanade-images/S079/001/S079_001_00000012.png,7,../CK+/Landmarks/S079/001/S079_001_00000001_landmarks.txt,../CK+/Landmarks/S079/001/S079_001_00000012_landmarks.txt
156,../CK+/cohn-kanade-images/S130/012/S130_012_00000001.png,../CK+/cohn-kanade-images/S130/012/S130_012_00000011.png,3,../CK+/Landmarks/S130/012/S130_012_00000001_landmarks.txt,../CK+/Landmarks/S130/012/S130_012_00000011_landmarks.txt
157,../CK+/cohn-kanade-images/S130/007/S130_007_00000001.png,../CK+/cohn-kanade-images/S130/007/S130_007_00000020.png,1,../CK+/Landmarks/S130/007/S130_007_00000001_landmarks.txt,../CK+/Landmarks/S130/007/S130_007_00000020_landmarks.txt
158,../CK+/cohn-kanade-images/S130/001/S130_001_00000001.png,../CK+/cohn-kanade-images/S130/001/S130_001_00000018.png,7,../CK+/Landmarks/S130/001/S130_001_00000001_landmarks.txt,../CK+/Landmarks/S130/001/S130_001_00000018_landmarks.txt
159,../CK+/cohn-kanade-images/S130/009/S130_009_00000001.png,../CK+/cohn-kanade-images/S130/009/S130_009_00000019.png,6,../CK+/Landmarks/S130/009/S130_009_00000001_landmarks.txt,../CK+/Landmarks/S130/009/S130_009_00000019_landmarks.txt
160,../CK+/cohn-kanade-images/S130/013/S130_013_00000001.png,../CK+/cohn-kanade-images/S130/013/S130_013_00000015.png,5,../CK+/Landmarks/S130/013/S130_013_00000001_landmarks.txt,../CK+/Landmarks/S130/013/S130_013_00000015_landmarks.txt
161,../CK+/cohn-kanade-images/S115/004/S115_004_00000001.png,../CK+/cohn-kanade-images/S115/004/S115_004_00000017.png,6,../CK+/Landmarks/S115/004/S115_004_00000001_landmarks.txt,../CK+/Landmarks/S115/004/S115_004_00000017_landmarks.txt
162,../CK+/cohn-kanade-images/S115/008/S115_008_00000001.png,../CK+/cohn-kanade-images/S115/008/S115_008_00000017.png,5,../CK+/Landmarks/S115/008/S115_008_00000001_landmarks.txt,../CK+/Landmarks/S115/008/S115_008_00000017_landmarks.txt
163,../CK+/cohn-kanade-images/S115/001/S115_001_00000001.png,../CK+/cohn-kanade-images/S115/001/S115_001_00000008.png,7,../CK+/Landmarks/S115/001/S115_001_00000001_landmarks.txt,../CK+/Landmarks/S115/001/S115_001_00000008_landmarks.txt
164,../CK+/cohn-kanade-images/S084/002/S084_002_00000001.png,../CK+/cohn-kanade-images/S084/002/S084_002_00000023.png,4,../CK+/Landmarks/S084/002/S084_002_00000001_landmarks.txt,../CK+/Landmarks/S084/002/S084_002_00000023_landmarks.txt
165,../CK+/cohn-kanade-images/S084/001/S084_001_00000001.png,../CK+/cohn-kanade-images/S084/001/S084_001_00000010.png,7,../CK+/Landmarks/S084/001/S084_001_00000001_landmarks.txt,../CK+/Landmarks/S084/001/S084_001_00000010_landmarks.txt
166,../CK+/cohn-kanade-images/S105/008/S105_008_00000001.png,../CK+/cohn-kanade-images/S105/008/S105_008_00000010.png,3,../CK+/Landmarks/S105/008/S105_008_00000001_landmarks.txt,../CK+/Landmarks/S105/008/S105_008_00000010_landmarks.txt
167,../CK+/cohn-kanade-images/S117/003/S117_003_00000001.png,../CK+/cohn-kanade-images/S117/003/S117_003_00000014.png,4,../CK+/Landmarks/S117/003/S117_003_00000001_landmarks.txt,../CK+/Landmarks/S117/003/S117_003_00000014_landmarks.txt
168,../CK+/cohn-kanade-images/S117/006/S117_006_00000001.png,../CK+/cohn-kanade-images/S117/006/S117_006_00000010.png,1,../CK+/Landmarks/S117/006/S117_006_00000001_landmarks.txt,../CK+/Landmarks/S117/006/S117_006_00000010_landmarks.txt
169,../CK+/cohn-kanade-images/S117/001/S117_001_00000001.png,../CK+/cohn-kanade-images/S117/001/S117_001_00000014.png,7,../CK+/Landmarks/S117/001/S117_001_00000001_landmarks.txt,../CK+/Landmarks/S117/001/S117_001_00000014_landmarks.txt
170,../CK+/cohn-kanade-images/S070/002/S070_002_00000001.png,../CK+/cohn-kanade-images/S070/002/S070_002_00000016.png,7,../CK+/Landmarks/S070/002/S070_002_00000001_landmarks.txt,../CK+/Landmarks/S070/002/S070_002_00000016_landmarks.txt
171,../CK+/cohn-kanade-images/S070/003/S070_003_00000001.png,../CK+/cohn-kanade-images/S070/003/S070_003_00000017.png,5,../CK+/Landmarks/S070/003/S070_003_00000001_landmarks.txt,../CK+/Landmarks/S070/003/S070_003_00000017_landmarks.txt
172,../CK+/cohn-kanade-images/S070/005/S070_005_00000001.png,../CK+/cohn-kanade-images/S070/005/S070_005_00000016.png,3,../CK+/Landmarks/S070/005/S070_005_00000001_landmarks.txt,../CK+/Landmarks/S070/005/S070_005_00000016_landmarks.txt
173,../CK+/cohn-kanade-images/S005/001/S005_001_00000001.png,../CK+/cohn-kanade-images/S005/001/S005_001_00000011.png,3,../CK+/Landmarks/S005/001/S005_001_00000001_landmarks.txt,../CK+/Landmarks/S005/001/S005_001_00000011_landmarks.txt
174,../CK+/cohn-kanade-images/S011/004/S011_004_00000001.png,../CK+/cohn-kanade-images/S011/004/S011_004_00000021.png,1,../CK+/Landmarks/S011/004/S011_004_00000001_landmarks.txt,../CK+/Landmarks/S011/004/S011_004_00000021_landmarks.txt
175,../CK+/cohn-kanade-images/S011/002/S011_002_00000001.png,../CK+/cohn-kanade-images/S011/002/S011_002_00000022.png,6,../CK+/Landmarks/S011/002/S011_002_00000001_landmarks.txt,../CK+/Landmarks/S011/002/S011_002_00000022_landmarks.txt
176,../CK+/cohn-kanade-images/S011/003/S011_003_00000001.png,../CK+/cohn-kanade-images/S011/003/S011_003_00000014.png,4,../CK+/Landmarks/S011/003/S011_003_00000001_landmarks.txt,../CK+/Landmarks/S011/003/S011_003_00000014_landmarks.txt
177,../CK+/cohn-kanade-images/S011/006/S011_006_00000001.png,../CK+/cohn-kanade-images/S011/006/S011_006_00000013.png,5,../CK+/Landmarks/S011/006/S011_006_00000001_landmarks.txt,../CK+/Landmarks/S011/006/S011_006_00000013_landmarks.txt
178,../CK+/cohn-kanade-images/S011/005/S011_005_00000001.png,../CK+/cohn-kanade-images/S011/005/S011_005_00000020.png,3,../CK+/Landmarks/S011/005/S011_005_00000001_landmarks.txt,../CK+/Landmarks/S011/005/S011_005_00000020_landmarks.txt
179,../CK+/cohn-kanade-images/S011/001/S011_001_00000001.png,../CK+/cohn-kanade-images/S011/001/S011_001_00000016.png,7,../CK+/Landmarks/S011/001/S011_001_00000001_landmarks.txt,../CK+/Landmarks/S011/001/S011_001_00000016_landmarks.txt
180,../CK+/cohn-kanade-images/S044/003/S044_003_00000001.png,../CK+/cohn-kanade-images/S044/003/S044_003_00000014.png,5,../CK+/Landmarks/S044/003/S044_003_00000001_landmarks.txt,../CK+/Landmarks/S044/003/S044_003_00000014_landmarks.txt
181,../CK+/cohn-kanade-images/S044/006/S044_006_00000001.png,../CK+/cohn-kanade-images/S044/006/S044_006_00000019.png,3,../CK+/Landmarks/S044/006/S044_006_00000001_landmarks.txt,../CK+/Landmarks/S044/006/S044_006_00000019_landmarks.txt
182,../CK+/cohn-kanade-images/S044/001/S044_001_00000001.png,../CK+/cohn-kanade-images/S044/001/S044_001_00000024.png,7,../CK+/Landmarks/S044/001/S044_001_00000001_landmarks.txt,../CK+/Landmarks/S044/001/S044_001_00000024_landmarks.txt
183,../CK+/cohn-kanade-images/S158/002/S158_002_00000001.png,../CK+/cohn-kanade-images/S158/002/S158_002_00000011.png,2,../CK+/Landmarks/S158/002/S158_002_00000001_landmarks.txt,../CK+/Landmarks/S158/002/S158_002_00000011_landmarks.txt
184,../CK+/cohn-kanade-images/S095/006/S095_006_00000001.png,../CK+/cohn-kanade-images/S095/006/S095_006_00000013.png,3,../CK+/Landmarks/S095/006/S095_006_00000001_landmarks.txt,../CK+/Landmarks/S095/006/S095_006_00000013_landmarks.txt
185,../CK+/cohn-kanade-images/S095/010/S095_010_00000001.png,../CK+/cohn-kanade-images/S095/010/S095_010_00000014.png,6,../CK+/Landmarks/S095/010/S095_010_00000001_landmarks.txt,../CK+/Landmarks/S095/010/S095_010_00000014_landmarks.txt
186,../CK+/cohn-kanade-images/S095/007/S095_007_00000001.png,../CK+/cohn-kanade-images/S095/007/S095_007_00000021.png,5,../CK+/Landmarks/S095/007/S095_007_00000001_landmarks.txt,../CK+/Landmarks/S095/007/S095_007_00000021_landmarks.txt
187,../CK+/cohn-kanade-images/S095/001/S095_001_00000001.png,../CK+/cohn-kanade-images/S095/001/S095_001_00000016.png,7,../CK+/Landmarks/S095/001/S095_001_00000001_landmarks.txt,../CK+/Landmarks/S095/001/S095_001_00000016_landmarks.txt
188,../CK+/cohn-kanade-images/S099/004/S099_004_00000001.png,../CK+/cohn-kanade-images/S099/004/S099_004_00000015.png,5,../CK+/Landmarks/S099/004/S099_004_00000001_landmarks.txt,../CK+/Landmarks/S099/004/S099_004_00000015_landmarks.txt
189,../CK+/cohn-kanade-images/S099/007/S099_007_00000001.png,../CK+/cohn-kanade-images/S099/007/S099_007_00000012.png,3,../CK+/Landmarks/S099/007/S099_007_00000001_landmarks.txt,../CK+/Landmarks/S099/007/S099_007_00000012_landmarks.txt
190,../CK+/cohn-kanade-images/S099/001/S099_001_00000001.png,../CK+/cohn-kanade-images/S099/001/S099_001_00000014.png,7,../CK+/Landmarks/S099/001/S099_001_00000001_landmarks.txt,../CK+/Landmarks/S099/001/S099_001_00000014_landmarks.txt
191,../CK+/cohn-kanade-images/S072/006/S072_006_00000001.png,../CK+/cohn-kanade-images/S072/006/S072_006_00000022.png,5,../CK+/Landmarks/S072/006/S072_006_00000001_landmarks.txt,../CK+/Landmarks/S072/006/S072_006_00000022_landmarks.txt
192,../CK+/cohn-kanade-images/S072/005/S072_005_00000001.png,../CK+/cohn-kanade-images/S072/005/S072_005_00000019.png,1,../CK+/Landmarks/S072/005/S072_005_00000001_landmarks.txt,../CK+/Landmarks/S072/005/S072_005_00000019_landmarks.txt
193,../CK+/cohn-kanade-images/S092/004/S092_004_00000001.png,../CK+/cohn-kanade-images/S092/004/S092_004_00000024.png,5,../CK+/Landmarks/S092/004/S092_004_00000001_landmarks.txt,../CK+/Landmarks/S092/004/S092_004_00000024_landmarks.txt
194,../CK+/cohn-kanade-images/S092/003/S092_003_00000001.png,../CK+/cohn-kanade-images/S092/003/S092_003_00000014.png,1,../CK+/Landmarks/S092/003/S092_003_00000001_landmarks.txt,../CK+/Landmarks/S092/003/S092_003_00000014_landmarks.txt
195,../CK+/cohn-kanade-images/S092/001/S092_001_00000001.png,../CK+/cohn-kanade-images/S092/001/S092_001_00000017.png,7,../CK+/Landmarks/S092/001/S092_001_00000001_landmarks.txt,../CK+/Landmarks/S092/001/S092_001_00000017_landmarks.txt
196,../CK+/cohn-kanade-images/S046/004/S046_004_00000001.png,../CK+/cohn-kanade-images/S046/004/S046_004_00000017.png,3,../CK+/Landmarks/S046/004/S046_004_00000001_landmarks.txt,../CK+/Landmarks/S046/004/S046_004_00000017_landmarks.txt
197,../CK+/cohn-kanade-images/S046/002/S046_002_00000001.png,../CK+/cohn-kanade-images/S046/002/S046_002_00000006.png,7,../CK+/Landmarks/S046/002/S046_002_00000001_landmarks.txt,../CK+/Landmarks/S046/002/S046_002_00000006_landmarks.txt
198,../CK+/cohn-kanade-images/S046/003/S046_003_00000001.png,../CK+/cohn-kanade-images/S046/003/S046_003_00000016.png,4,../CK+/Landmarks/S046/003/S046_003_00000001_landmarks.txt,../CK+/Landmarks/S046/003/S046_003_00000016_landmarks.txt
199,../CK+/cohn-kanade-images/S046/001/S046_001_00000001.png,../CK+/cohn-kanade-images/S046/001/S046_001_00000025.png,6,../CK+/Landmarks/S046/001/S046_001_00000001_landmarks.txt,../CK+/Landmarks/S046/001/S046_001_00000025_landmarks.txt
200,../CK+/cohn-kanade-images/S059/002/S059_002_00000001.png,../CK+/cohn-kanade-images/S059/002/S059_002_00000017.png,4,../CK+/Landmarks/S059/002/S059_002_00000001_landmarks.txt,../CK+/Landmarks/S059/002/S059_002_00000017_landmarks.txt
201,../CK+/cohn-kanade-images/S059/001/S059_001_00000001.png,../CK+/cohn-kanade-images/S059/001/S059_001_00000018.png,7,../CK+/Landmarks/S059/001/S059_001_00000001_landmarks.txt,../CK+/Landmarks/S059/001/S059_001_00000018_landmarks.txt
202,../CK+/cohn-kanade-images/S032/004/S032_004_00000001.png,../CK+/cohn-kanade-images/S032/004/S032_004_00000014.png,4,../CK+/Landmarks/S032/004/S032_004_00000001_landmarks.txt,../CK+/Landmarks/S032/004/S032_004_00000014_landmarks.txt
203,../CK+/cohn-kanade-images/S032/003/S032_003_00000001.png,../CK+/cohn-kanade-images/S032/003/S032_003_00000017.png,1,../CK+/Landmarks/S032/003/S032_003_00000001_landmarks.txt,../CK+/Landmarks/S032/003/S032_003_00000017_landmarks.txt
204,../CK+/cohn-kanade-images/S032/006/S032_006_00000001.png,../CK+/cohn-kanade-images/S032/006/S032_006_00000016.png,5,../CK+/Landmarks/S032/006/S032_006_00000001_landmarks.txt,../CK+/Landmarks/S032/006/S032_006_00000016_landmarks.txt
205,../CK+/cohn-kanade-images/S032/005/S032_005_00000001.png,../CK+/cohn-kanade-images/S032/005/S032_005_00000016.png,3,../CK+/Landmarks/S032/005/S032_005_00000001_landmarks.txt,../CK+/Landmarks/S032/005/S032_005_00000016_landmarks.txt
206,../CK+/cohn-kanade-images/S032/001/S032_001_00000001.png,../CK+/cohn-kanade-images/S032/001/S032_001_00000022.png,7,../CK+/Landmarks/S032/001/S032_001_00000001_landmarks.txt,../CK+/Landmarks/S032/001/S032_001_00000022_landmarks.txt
207,../CK+/cohn-kanade-images/S035/006/S035_006_00000001.png,../CK+/cohn-kanade-images/S035/006/S035_006_00000018.png,5,../CK+/Landmarks/S035/006/S035_006_00000001_landmarks.txt,../CK+/Landmarks/S035/006/S035_006_00000018_landmarks.txt
208,../CK+/cohn-kanade-images/S035/005/S035_005_00000001.png,../CK+/cohn-kanade-images/S035/005/S035_005_00000019.png,3,../CK+/Landmarks/S035/005/S035_005_00000001_landmarks.txt,../CK+/Landmarks/S035/005/S035_005_00000019_landmarks.txt
209,../CK+/cohn-kanade-images/S035/001/S035_001_00000001.png,../CK+/cohn-kanade-images/S035/001/S035_001_00000015.png,7,../CK+/Landmarks/S035/001/S035_001_00000001_landmarks.txt,../CK+/Landmarks/S035/001/S035_001_00000015_landmarks.txt
210,../CK+/cohn-kanade-images/S139/002/S139_002_00000001.png,../CK+/cohn-kanade-images/S139/002/S139_002_00000013.png,2,../CK+/Landmarks/S139/002/S139_002_00000001_landmarks.txt,../CK+/Landmarks/S139/002/S139_002_00000013_landmarks.txt
211,../CK+/cohn-kanade-images/S127/004/S127_004_00000001.png,../CK+/cohn-kanade-images/S127/004/S127_004_00000016.png,5,../CK+/Landmarks/S127/004/S127_004_00000001_landmarks.txt,../CK+/Landmarks/S127/004/S127_004_00000016_landmarks.txt
212,../CK+/cohn-kanade-images/S127/010/S127_010_00000001.png,../CK+/cohn-kanade-images/S127/010/S127_010_00000018.png,1,../CK+/Landmarks/S127/010/S127_010_00000001_landmarks.txt,../CK+/Landmarks/S127/010/S127_010_00000018_landmarks.txt
213,../CK+/cohn-kanade-images/S127/001/S127_001_00000001.png,../CK+/cohn-kanade-images/S127/001/S127_001_00000017.png,7,../CK+/Landmarks/S127/001/S127_001_00000001_landmarks.txt,../CK+/Landmarks/S127/001/S127_001_00000017_landmarks.txt
214,../CK+/cohn-kanade-images/S151/002/S151_002_00000001.png,../CK+/cohn-kanade-images/S151/002/S151_002_00000029.png,2,../CK+/Landmarks/S151/002/S151_002_00000001_landmarks.txt,../CK+/Landmarks/S151/002/S151_002_00000029_landmarks.txt
215,../CK+/cohn-kanade-images/S091/003/S091_003_00000001.png,../CK+/cohn-kanade-images/S091/003/S091_003_00000021.png,5,../CK+/Landmarks/S091/003/S091_003_00000001_landmarks.txt,../CK+/Landmarks/S091/003/S091_003_00000021_landmarks.txt
216,../CK+/cohn-kanade-images/S091/001/S091_001_00000001.png,../CK+/cohn-kanade-images/S091/001/S091_001_00000015.png,4,../CK+/Landmarks/S091/001/S091_001_00000001_landmarks.txt,../CK+/Landmarks/S091/001/S091_001_00000015_landmarks.txt
217,../CK+/cohn-kanade-images/S082/007/S082_007_00000001.png,../CK+/cohn-kanade-images/S082/007/S082_007_00000010.png,3,../CK+/Landmarks/S082/007/S082_007_00000001_landmarks.txt,../CK+/Landmarks/S082/007/S082_007_00000010_landmarks.txt
218,../CK+/cohn-kanade-images/S082/005/S082_005_00000001.png,../CK+/cohn-kanade-images/S082/005/S082_005_00000017.png,1,../CK+/Landmarks/S082/005/S082_005_00000001_landmarks.txt,../CK+/Landmarks/S082/005/S082_005_00000017_landmarks.txt
219,../CK+/cohn-kanade-images/S082/001/S082_001_00000001.png,../CK+/cohn-kanade-images/S082/001/S082_001_00000015.png,7,../CK+/Landmarks/S082/001/S082_001_00000001_landmarks.txt,../CK+/Landmarks/S082/001/S082_001_00000015_landmarks.txt
220,../CK+/cohn-kanade-images/S138/004/S138_004_00000001.png,../CK+/cohn-kanade-images/S138/004/S138_004_00000013.png,7,../CK+/Landmarks/S138/004/S138_004_00000001_landmarks.txt,../CK+/Landmarks/S138/004/S138_004_00000013_landmarks.txt
221,../CK+/cohn-kanade-images/S138/007/S138_007_00000001.png,../CK+/cohn-kanade-images/S138/007/S138_007_00000011.png,6,../CK+/Landmarks/S138/007/S138_007_00000001_landmarks.txt,../CK+/Landmarks/S138/007/S138_007_00000011_landmarks.txt
222,../CK+/cohn-kanade-images/S138/005/S138_005_00000001.png,../CK+/cohn-kanade-images/S138/005/S138_005_00000016.png,5,../CK+/Landmarks/S138/005/S138_005_00000001_landmarks.txt,../CK+/Landmarks/S138/005/S138_005_00000016_landmarks.txt
223,../CK+/cohn-kanade-images/S138/008/S138_008_00000001.png,../CK+/cohn-kanade-images/S138/008/S138_008_00000009.png,2,../CK+/Landmarks/S138/008/S138_008_00000001_landmarks.txt,../CK+/Landmarks/S138/008/S138_008_00000009_landmarks.txt
224,../CK+/cohn-kanade-images/S138/001/S138_001_00000001.png,../CK+/cohn-kanade-images/S138/001/S138_001_00000012.png,4,../CK+/Landmarks/S138/001/S138_001_00000001_landmarks.txt,../CK+/Landmarks/S138/001/S138_001_00000012_landmarks.txt
225,../CK+/cohn-kanade-images/S034/003/S034_003_00000001.png,../CK+/cohn-kanade-images/S034/003/S034_003_00000027.png,1,../CK+/Landmarks/S034/003/S034_003_00000001_landmarks.txt,../CK+/Landmarks/S034/003/S034_003_00000027_landmarks.txt
226,../CK+/cohn-kanade-images/S034/005/S034_005_00000001.png,../CK+/cohn-kanade-images/S034/005/S034_005_00000010.png,5,../CK+/Landmarks/S034/005/S034_005_00000001_landmarks.txt,../CK+/Landmarks/S034/005/S034_005_00000010_landmarks.txt
227,../CK+/cohn-kanade-images/S034/001/S034_001_00000001.png,../CK+/cohn-kanade-images/S034/001/S034_001_00000029.png,7,../CK+/Landmarks/S034/001/S034_001_00000001_landmarks.txt,../CK+/Landmarks/S034/001/S034_001_00000029_landmarks.txt
228,../CK+/cohn-kanade-images/S090/002/S090_002_00000001.png,../CK+/cohn-kanade-images/S090/002/S090_002_00000011.png,7,../CK+/Landmarks/S090/002/S090_002_00000001_landmarks.txt,../CK+/Landmarks/S090/002/S090_002_00000011_landmarks.txt
229,../CK+/cohn-kanade-images/S090/006/S090_006_00000001.png,../CK+/cohn-kanade-images/S090/006/S090_006_00000011.png,3,../CK+/Landmarks/S090/006/S090_006_00000001_landmarks.txt,../CK+/Landmarks/S090/006/S090_006_00000011_landmarks.txt
230,../CK+/cohn-kanade-images/S090/007/S090_007_00000001.png,../CK+/cohn-kanade-images/S090/007/S090_007_00000014.png,1,../CK+/Landmarks/S090/007/S090_007_00000001_landmarks.txt,../CK+/Landmarks/S090/007/S090_007_00000014_landmarks.txt
231,../CK+/cohn-kanade-images/S080/005/S080_005_00000001.png,../CK+/cohn-kanade-images/S080/005/S080_005_00000013.png,6,../CK+/Landmarks/S080/005/S080_005_00000001_landmarks.txt,../CK+/Landmarks/S080/005/S080_005_00000013_landmarks.txt
232,../CK+/cohn-kanade-images/S080/008/S080_008_00000001.png,../CK+/cohn-kanade-images/S080/008/S080_008_00000009.png,3,../CK+/Landmarks/S080/008/S080_008_00000001_landmarks.txt,../CK+/Landmarks/S080/008/S080_008_00000009_landmarks.txt
233,../CK+/cohn-kanade-images/S080/001/S080_001_00000001.png,../CK+/cohn-kanade-images/S080/001/S080_001_00000018.png,7,../CK+/Landmarks/S080/001/S080_001_00000001_landmarks.txt,../CK+/Landmarks/S080/001/S080_001_00000018_landmarks.txt
234,../CK+/cohn-kanade-images/S100/002/S100_002_00000001.png,../CK+/cohn-kanade-images/S100/002/S100_002_00000015.png,7,../CK+/Landmarks/S100/002/S100_002_00000001_landmarks.txt,../CK+/Landmarks/S100/002/S100_002_00000015_landmarks.txt
235,../CK+/cohn-kanade-images/S100/006/S100_006_00000001.png,../CK+/cohn-kanade-images/S100/006/S100_006_00000016.png,5,../CK+/Landmarks/S100/006/S100_006_00000001_landmarks.txt,../CK+/Landmarks/S100/006/S100_006_00000016_landmarks.txt
236,../CK+/cohn-kanade-images/S100/005/S100_005_00000001.png,../CK+/cohn-kanade-images/S100/005/S100_005_00000023.png,1,../CK+/Landmarks/S100/005/S100_005_00000001_landmarks.txt,../CK+/Landmarks/S100/005/S100_005_00000023_landmarks.txt
237,../CK+/cohn-kanade-images/S102/002/S102_002_00000001.png,../CK+/cohn-kanade-images/S102/002/S102_002_00000018.png,7,../CK+/Landmarks/S102/002/S102_002_00000001_landmarks.txt,../CK+/Landmarks/S102/002/S102_002_00000018_landmarks.txt
238,../CK+/cohn-kanade-images/S102/003/S102_003_00000001.png,../CK+/cohn-kanade-images/S102/003/S102_003_00000016.png,4,../CK+/Landmarks/S102/003/S102_003_00000001_landmarks.txt,../CK+/Landmarks/S102/003/S102_003_00000016_landmarks.txt
239,../CK+/cohn-kanade-images/S102/009/S102_009_00000001.png,../CK+/cohn-kanade-images/S102/009/S102_009_00000015.png,3,../CK+/Landmarks/S102/009/S102_009_00000001_landmarks.txt,../CK+/Landmarks/S102/009/S102_009_00000015_landmarks.txt
240,../CK+/cohn-kanade-images/S137/011/S137_011_00000001.png,../CK+/cohn-kanade-images/S137/011/S137_011_00000020.png,5,../CK+/Landmarks/S137/011/S137_011_00000001_landmarks.txt,../CK+/Landmarks/S137/011/S137_011_00000020_landmarks.txt
241,../CK+/cohn-kanade-images/S137/005/S137_005_00000001.png,../CK+/cohn-kanade-images/S137/005/S137_005_00000027.png,6,../CK+/Landmarks/S137/005/S137_005_00000001_landmarks.txt,../CK+/Landmarks/S137/005/S137_005_00000027_landmarks.txt
242,../CK+/cohn-kanade-images/S137/001/S137_001_00000001.png,../CK+/cohn-kanade-images/S137/001/S137_001_00000014.png,7,../CK+/Landmarks/S137/001/S137_001_00000001_landmarks.txt,../CK+/Landmarks/S137/001/S137_001_00000014_landmarks.txt
243,../CK+/cohn-kanade-images/S056/004/S056_004_00000001.png,../CK+/cohn-kanade-images/S056/004/S056_004_00000020.png,5,../CK+/Landmarks/S056/004/S056_004_00000001_landmarks.txt,../CK+/Landmarks/S056/004/S056_004_00000020_landmarks.txt
244,../CK+/cohn-kanade-images/S056/002/S056_002_00000001.png,../CK+/cohn-kanade-images/S056/002/S056_002_00000010.png,3,../CK+/Landmarks/S056/002/S056_002_00000001_landmarks.txt,../CK+/Landmarks/S056/002/S056_002_00000010_landmarks.txt
245,../CK+/cohn-kanade-images/S056/003/S056_003_00000001.png,../CK+/cohn-kanade-images/S056/003/S056_003_00000010.png,7,../CK+/Landmarks/S056/003/S056_003_00000001_landmarks.txt,../CK+/Landmarks/S056/003/S056_003_00000010_landmarks.txt
246,../CK+/cohn-kanade-images/S108/006/S108_006_00000001.png,../CK+/cohn-kanade-images/S108/006/S108_006_00000020.png,3,../CK+/Landmarks/S108/006/S108_006_00000001_landmarks.txt,../CK+/Landmarks/S108/006/S108_006_00000020_landmarks.txt
247,../CK+/cohn-kanade-images/S108/005/S108_005_00000001.png,../CK+/cohn-kanade-images/S108/005/S108_005_00000022.png,6,../CK+/Landmarks/S108/005/S108_005_00000001_landmarks.txt,../CK+/Landmarks/S108/005/S108_005_00000022_landmarks.txt
248,../CK+/cohn-kanade-images/S108/008/S108_008_00000001.png,../CK+/cohn-kanade-images/S108/008/S108_008_00000013.png,5,../CK+/Landmarks/S108/008/S108_008_00000001_landmarks.txt,../CK+/Landmarks/S108/008/S108_008_00000013_landmarks.txt
249,../CK+/cohn-kanade-images/S028/001/S028_001_00000001.png,../CK+/cohn-kanade-images/S028/001/S028_001_00000024.png,1,../CK+/Landmarks/S028/001/S028_001_00000001_landmarks.txt,../CK+/Landmarks/S028/001/S028_001_00000024_landmarks.txt
250,../CK+/cohn-kanade-images/S085/004/S085_004_00000001.png,../CK+/cohn-kanade-images/S085/004/S085_004_00000017.png,3,../CK+/Landmarks/S085/004/S085_004_00000001_landmarks.txt,../CK+/Landmarks/S085/004/S085_004_00000017_landmarks.txt
251,../CK+/cohn-kanade-images/S085/002/S085_002_00000001.png,../CK+/cohn-kanade-images/S085/002/S085_002_00000014.png,5,../CK+/Landmarks/S085/002/S085_002_00000001_landmarks.txt,../CK+/Landmarks/S085/002/S085_002_00000014_landmarks.txt
252,../CK+/cohn-kanade-images/S085/003/S085_003_00000001.png,../CK+/cohn-kanade-images/S085/003/S085_003_00000013.png,7,../CK+/Landmarks/S085/003/S085_003_00000001_landmarks.txt,../CK+/Landmarks/S085/003/S085_003_00000013_landmarks.txt
253,../CK+/cohn-kanade-images/S122/001/S122_001_00000001.png,../CK+/cohn-kanade-images/S122/001/S122_001_00000012.png,7,../CK+/Landmarks/S122/001/S122_001_00000001_landmarks.txt,../CK+/Landmarks/S122/001/S122_001_00000012_landmarks.txt
254,../CK+/cohn-kanade-images/S066/004/S066_004_00000001.png,../CK+/cohn-kanade-images/S066/004/S066_004_00000010.png,6,../CK+/Landmarks/S066/004/S066_004_00000001_landmarks.txt,../CK+/Landmarks/S066/004/S066_004_00000010_landmarks.txt
255,../CK+/cohn-kanade-images/S066/002/S066_002_00000001.png,../CK+/cohn-kanade-images/S066/002/S066_002_00000022.png,7,../CK+/Landmarks/S066/002/S066_002_00000001_landmarks.txt,../CK+/Landmarks/S066/002/S066_002_00000022_landmarks.txt
256,../CK+/cohn-kanade-images/S066/003/S066_003_00000001.png,../CK+/cohn-kanade-images/S066/003/S066_003_00000012.png,5,../CK+/Landmarks/S066/003/S066_003_00000001_landmarks.txt,../CK+/Landmarks/S066/003/S066_003_00000012_landmarks.txt
257,../CK+/cohn-kanade-images/S066/005/S066_005_00000001.png,../CK+/cohn-kanade-images/S066/005/S066_005_00000011.png,1,../CK+/Landmarks/S066/005/S066_005_00000001_landmarks.txt,../CK+/Landmarks/S066/005/S066_005_00000011_landmarks.txt
258,../CK+/cohn-kanade-images/S055/004/S055_004_00000001.png,../CK+/cohn-kanade-images/S055/004/S055_004_00000028.png,1,../CK+/Landmarks/S055/004/S055_004_00000001_landmarks.txt,../CK+/Landmarks/S055/004/S055_004_00000028_landmarks.txt
259,../CK+/cohn-kanade-images/S055/003/S055_003_00000001.png,../CK+/cohn-kanade-images/S055/003/S055_003_00000009.png,3,../CK+/Landmarks/S055/003/S055_003_00000001_landmarks.txt,../CK+/Landmarks/S055/003/S055_003_00000009_landmarks.txt
260,../CK+/cohn-kanade-images/S055/006/S055_006_00000001.png,../CK+/cohn-kanade-images/S055/006/S055_006_00000008.png,4,../CK+/Landmarks/S055/006/S055_006_00000001_landmarks.txt,../CK+/Landmarks/S055/006/S055_006_00000008_landmarks.txt
261,../CK+/cohn-kanade-images/S055/005/S055_005_00000001.png,../CK+/cohn-kanade-images/S055/005/S055_005_00000045.png,5,../CK+/Landmarks/S055/005/S055_005_00000001_landmarks.txt,../CK+/Landmarks/S055/005/S055_005_00000045_landmarks.txt
262,../CK+/cohn-kanade-images/S055/001/S055_001_00000001.png,../CK+/cohn-kanade-images/S055/001/S055_001_00000012.png,7,../CK+/Landmarks/S055/001/S055_001_00000001_landmarks.txt,../CK+/Landmarks/S055/001/S055_001_00000012_landmarks.txt
263,../CK+/cohn-kanade-images/S131/003/S131_003_00000001.png,../CK+/cohn-kanade-images/S131/003/S131_003_00000024.png,6,../CK+/Landmarks/S131/003/S131_003_00000001_landmarks.txt,../CK+/Landmarks/S131/003/S131_003_00000024_landmarks.txt
264,../CK+/cohn-kanade-images/S131/006/S131_006_00000001.png,../CK+/cohn-kanade-images/S131/006/S131_006_00000022.png,5,../CK+/Landmarks/S131/006/S131_006_00000001_landmarks.txt,../CK+/Landmarks/S131/006/S131_006_00000022_landmarks.txt
265,../CK+/cohn-kanade-images/S131/010/S131_010_00000001.png,../CK+/cohn-kanade-images/S131/010/S131_010_00000018.png,3,../CK+/Landmarks/S131/010/S131_010_00000001_landmarks.txt,../CK+/Landmarks/S131/010/S131_010_00000018_landmarks.txt
266,../CK+/cohn-kanade-images/S131/001/S131_001_00000001.png,../CK+/cohn-kanade-images/S131/001/S131_001_00000016.png,7,../CK+/Landmarks/S131/001/S131_001_00000001_landmarks.txt,../CK+/Landmarks/S131/001/S131_001_00000016_landmarks.txt
267,../CK+/cohn-kanade-images/S075/002/S075_002_00000001.png,../CK+/cohn-kanade-images/S075/002/S075_002_00000014.png,7,../CK+/Landmarks/S075/002/S075_002_00000001_landmarks.txt,../CK+/Landmarks/S075/002/S075_002_00000014_landmarks.txt
268,../CK+/cohn-kanade-images/S075/006/S075_006_00000001.png,../CK+/cohn-kanade-images/S075/006/S075_006_00000025.png,5,../CK+/Landmarks/S075/006/S075_006_00000001_landmarks.txt,../CK+/Landmarks/S075/006/S075_006_00000025_landmarks.txt
269,../CK+/cohn-kanade-images/S075/005/S075_005_00000001.png,../CK+/cohn-kanade-images/S075/005/S075_005_00000012.png,3,../CK+/Landmarks/S075/005/S075_005_00000001_landmarks.txt,../CK+/Landmarks/S075/005/S075_005_00000012_landmarks.txt
270,../CK+/cohn-kanade-images/S075/008/S075_008_00000001.png,../CK+/cohn-kanade-images/S075/008/S075_008_00000012.png,1,../CK+/Landmarks/S075/008/S075_008_00000001_landmarks.txt,../CK+/Landmarks/S075/008/S075_008_00000012_landmarks.txt
271,../CK+/cohn-kanade-images/S069/004/S069_004_00000001.png,../CK+/cohn-kanade-images/S069/004/S069_004_00000017.png,5,../CK+/Landmarks/S069/004/S069_004_00000001_landmarks.txt,../CK+/Landmarks/S069/004/S069_004_00000017_landmarks.txt
272,../CK+/cohn-kanade-images/S069/002/S069_002_00000001.png,../CK+/cohn-kanade-images/S069/002/S069_002_00000014.png,7,../CK+/Landmarks/S069/002/S069_002_00000001_landmarks.txt,../CK+/Landmarks/S069/002/S069_002_00000014_landmarks.txt
273,../CK+/cohn-kanade-images/S069/003/S069_003_00000001.png,../CK+/cohn-kanade-images/S069/003/S069_003_00000011.png,3,../CK+/Landmarks/S069/003/S069_003_00000001_landmarks.txt,../CK+/Landmarks/S069/003/S069_003_00000011_landmarks.txt
274,../CK+/cohn-kanade-images/S096/004/S096_004_00000001.png,../CK+/cohn-kanade-images/S096/004/S096_004_00000011.png,5,../CK+/Landmarks/S096/004/S096_004_00000001_landmarks.txt,../CK+/Landmarks/S096/004/S096_004_00000011_landmarks.txt
275,../CK+/cohn-kanade-images/S096/003/S096_003_00000001.png,../CK+/cohn-kanade-images/S096/003/S096_003_00000012.png,3,../CK+/Landmarks/S096/003/S096_003_00000001_landmarks.txt,../CK+/Landmarks/S096/003/S096_003_00000012_landmarks.txt
276,../CK+/cohn-kanade-images/S096/001/S096_001_00000001.png,../CK+/cohn-kanade-images/S096/001/S096_001_00000007.png,7,../CK+/Landmarks/S096/001/S096_001_00000001_landmarks.txt,../CK+/Landmarks/S096/001/S096_001_00000007_landmarks.txt
277,../CK+/cohn-kanade-images/S083/003/S083_003_00000001.png,../CK+/cohn-kanade-images/S083/003/S083_003_00000019.png,5,../CK+/Landmarks/S083/003/S083_003_00000001_landmarks.txt,../CK+/Landmarks/S083/003/S083_003_00000019_landmarks.txt
278,../CK+/cohn-kanade-images/S014/002/S014_002_00000001.png,../CK+/cohn-kanade-images/S014/002/S014_002_00000016.png,6,../CK+/Landmarks/S014/002/S014_002_00000001_landmarks.txt,../CK+/Landmarks/S014/002/S014_002_00000016_landmarks.txt
279,../CK+/cohn-kanade-images/S014/003/S014_003_00000001.png,../CK+/cohn-kanade-images/S014/003/S014_003_00000030.png,1,../CK+/Landmarks/S014/003/S014_003_00000001_landmarks.txt,../CK+/Landmarks/S014/003/S014_003_00000030_landmarks.txt
280,../CK+/cohn-kanade-images/S014/005/S014_005_00000001.png,../CK+/cohn-kanade-images/S014/005/S014_005_00000017.png,5,../CK+/Landmarks/S014/005/S014_005_00000001_landmarks.txt,../CK+/Landmarks/S014/005/S014_005_00000017_landmarks.txt
281,../CK+/cohn-kanade-images/S014/001/S014_001_00000001.png,../CK+/cohn-kanade-images/S014/001/S014_001_00000029.png,7,../CK+/Landmarks/S014/001/S014_001_00000001_landmarks.txt,../CK+/Landmarks/S014/001/S014_001_00000029_landmarks.txt
282,../CK+/cohn-kanade-images/S077/006/S077_006_00000001.png,../CK+/cohn-kanade-images/S077/006/S077_006_00000014.png,3,../CK+/Landmarks/S077/006/S077_006_00000001_landmarks.txt,../CK+/Landmarks/S077/006/S077_006_00000014_landmarks.txt
283,../CK+/cohn-kanade-images/S077/001/S077_001_00000001.png,../CK+/cohn-kanade-images/S077/001/S077_001_00000028.png,7,../CK+/Landmarks/S077/001/S077_001_00000001_landmarks.txt,../CK+/Landmarks/S077/001/S077_001_00000028_landmarks.txt
284,../CK+/cohn-kanade-images/S502/004/S502_004_00000001.png,../CK+/cohn-kanade-images/S502/004/S502_004_00000052.png,4,../CK+/Landmarks/S502/004/S502_004_00000001_landmarks.txt,../CK+/Landmarks/S502/004/S502_004_00000052_landmarks.txt
285,../CK+/cohn-kanade-images/S502/002/S502_002_00000001.png,../CK+/cohn-kanade-images/S502/002/S502_002_00000009.png,2,../CK+/Landmarks/S502/002/S502_002_00000001_landmarks.txt,../CK+/Landmarks/S502/002/S502_002_00000009_landmarks.txt
286,../CK+/cohn-kanade-images/S502/001/S502_001_00000001.png,../CK+/cohn-kanade-images/S502/001/S502_001_00000016.png,1,../CK+/Landmarks/S502/001/S502_001_00000001_landmarks.txt,../CK+/Landmarks/S502/001/S502_001_00000016_landmarks.txt
287,../CK+/cohn-kanade-images/S895/002/S895_002_00000001.png,../CK+/cohn-kanade-images/S895/002/S895_002_00000007.png,2,../CK+/Landmarks/S895/002/S895_002_00000001_landmarks.txt,../CK+/Landmarks/S895/002/S895_002_00000007_landmarks.txt
288,../CK+/cohn-kanade-images/S042/004/S042_004_00000001.png,../CK+/cohn-kanade-images/S042/004/S042_004_00000020.png,1,../CK+/Landmarks/S042/004/S042_004_00000001_landmarks.txt,../CK+/Landmarks/S042/004/S042_004_00000020_landmarks.txt
289,../CK+/cohn-kanade-images/S042/002/S042_002_00000001.png,../CK+/cohn-kanade-images/S042/002/S042_002_00000016.png,6,../CK+/Landmarks/S042/002/S042_002_00000001_landmarks.txt,../CK+/Landmarks/S042/002/S042_002_00000016_landmarks.txt
290,../CK+/cohn-kanade-images/S042/006/S042_006_00000001.png,../CK+/cohn-kanade-images/S042/006/S042_006_00000017.png,5,../CK+/Landmarks/S042/006/S042_006_00000001_landmarks.txt,../CK+/Landmarks/S042/006/S042_006_00000017_landmarks.txt
291,../CK+/cohn-kanade-images/S042/001/S042_001_00000001.png,../CK+/cohn-kanade-images/S042/001/S042_001_00000019.png,7,../CK+/Landmarks/S042/001/S042_001_00000001_landmarks.txt,../CK+/Landmarks/S042/001/S042_001_00000019_landmarks.txt
292,../CK+/cohn-kanade-images/S094/004/S094_004_00000001.png,../CK+/cohn-kanade-images/S094/004/S094_004_00000012.png,5,../CK+/Landmarks/S094/004/S094_004_00000001_landmarks.txt,../CK+/Landmarks/S094/004/S094_004_00000012_landmarks.txt
293,../CK+/cohn-kanade-images/S094/001/S094_001_00000001.png,../CK+/cohn-kanade-images/S094/001/S094_001_00000010.png,7,../CK+/Landmarks/S094/001/S094_001_00000001_landmarks.txt,../CK+/Landmarks/S094/001/S094_001_00000010_landmarks.txt
294,../CK+/cohn-kanade-images/S064/004/S064_004_00000001.png,../CK+/cohn-kanade-images/S064/004/S064_004_00000014.png,6,../CK+/Landmarks/S064/004/S064_004_00000001_landmarks.txt,../CK+/Landmarks/S064/004/S064_004_00000014_landmarks.txt
295,../CK+/cohn-kanade-images/S064/003/S064_003_00000001.png,../CK+/cohn-kanade-images/S064/003/S064_003_00000025.png,5,../CK+/Landmarks/S064/003/S064_003_00000001_landmarks.txt,../CK+/Landmarks/S064/003/S064_003_00000025_landmarks.txt
296,../CK+/cohn-kanade-images/S064/001/S064_001_00000001.png,../CK+/cohn-kanade-images/S064/001/S064_001_00000012.png,7,../CK+/Landmarks/S064/001/S064_001_00000001_landmarks.txt,../CK+/Landmarks/S064/001/S064_001_00000012_landmarks.txt
297,../CK+/cohn-kanade-images/S136/003/S136_003_00000001.png,../CK+/cohn-kanade-images/S136/003/S136_003_00000014.png,6,../CK+/Landmarks/S136/003/S136_003_00000001_landmarks.txt,../CK+/Landmarks/S136/003/S136_003_00000014_landmarks.txt
298,../CK+/cohn-kanade-images/S136/006/S136_006_00000001.png,../CK+/cohn-kanade-images/S136/006/S136_006_00000020.png,5,../CK+/Landmarks/S136/006/S136_006_00000001_landmarks.txt,../CK+/Landmarks/S136/006/S136_006_00000020_landmarks.txt
299,../CK+/cohn-kanade-images/S136/005/S136_005_00000001.png,../CK+/cohn-kanade-images/S136/005/S136_005_00000010.png,1,../CK+/Landmarks/S136/005/S136_005_00000001_landmarks.txt,../CK+/Landmarks/S136/005/S136_005_00000010_landmarks.txt
300,../CK+/cohn-kanade-images/S136/001/S136_001_00000001.png,../CK+/cohn-kanade-images/S136/001/S136_001_00000019.png,7,../CK+/Landmarks/S136/001/S136_001_00000001_landmarks.txt,../CK+/Landmarks/S136/001/S136_001_00000019_landmarks.txt
301,../CK+/cohn-kanade-images/S058/006/S058_006_00000001.png,../CK+/cohn-kanade-images/S058/006/S058_006_00000018.png,3,../CK+/Landmarks/S058/006/S058_006_00000001_landmarks.txt,../CK+/Landmarks/S058/006/S058_006_00000018_landmarks.txt
302,../CK+/cohn-kanade-images/S058/005/S058_005_00000001.png,../CK+/cohn-kanade-images/S058/005/S058_005_00000010.png,1,../CK+/Landmarks/S058/005/S058_005_00000001_landmarks.txt,../CK+/Landmarks/S058/005/S058_005_00000010_landmarks.txt
303,../CK+/cohn-kanade-images/S058/001/S058_001_00000001.png,../CK+/cohn-kanade-images/S058/001/S058_001_00000020.png,7,../CK+/Landmarks/S058/001/S058_001_00000001_landmarks.txt,../CK+/Landmarks/S058/001/S058_001_00000020_landmarks.txt
304,../CK+/cohn-kanade-images/S081/002/S081_002_00000001.png,../CK+/cohn-kanade-images/S081/002/S081_002_00000024.png,6,../CK+/Landmarks/S081/002/S081_002_00000001_landmarks.txt,../CK+/Landmarks/S081/002/S081_002_00000024_landmarks.txt
305,../CK+/cohn-kanade-images/S081/008/S081_008_00000001.png,../CK+/cohn-kanade-images/S081/008/S081_008_00000011.png,3,../CK+/Landmarks/S081/008/S081_008_00000001_landmarks.txt,../CK+/Landmarks/S081/008/S081_008_00000011_landmarks.txt
306,../CK+/cohn-kanade-images/S081/001/S081_001_00000001.png,../CK+/cohn-kanade-images/S081/001/S081_001_00000019.png,7,../CK+/Landmarks/S081/001/S081_001_00000001_landmarks.txt,../CK+/Landmarks/S081/001/S081_001_00000019_landmarks.txt
307,../CK+/cohn-kanade-images/S029/001/S029_001_00000001.png,../CK+/cohn-kanade-images/S029/001/S029_001_00000019.png,1,../CK+/Landmarks/S029/001/S029_001_00000001_landmarks.txt,../CK+/Landmarks/S029/001/S029_001_00000019_landmarks.txt
308,../CK+/cohn-kanade-images/S128/004/S128_004_00000001.png,../CK+/cohn-kanade-images/S128/004/S128_004_00000013.png,3,../CK+/Landmarks/S128/004/S128_004_00000001_landmarks.txt,../CK+/Landmarks/S128/004/S128_004_00000013_landmarks.txt
309,../CK+/cohn-kanade-images/S128/011/S128_011_00000001.png,../CK+/cohn-kanade-images/S128/011/S128_011_00000016.png,5,../CK+/Landmarks/S128/011/S128_011_00000001_landmarks.txt,../CK+/Landmarks/S128/011/S128_011_00000016_landmarks.txt
310,../CK+/cohn-kanade-images/S078/004/S078_004_00000001.png,../CK+/cohn-kanade-images/S078/004/S078_004_00000027.png,5,../CK+/Landmarks/S078/004/S078_004_00000001_landmarks.txt,../CK+/Landmarks/S078/004/S078_004_00000027_landmarks.txt
311,../CK+/cohn-kanade-images/S078/007/S078_007_00000001.png,../CK+/cohn-kanade-images/S078/007/S078_007_00000013.png,3,../CK+/Landmarks/S078/007/S078_007_00000001_landmarks.txt,../CK+/Landmarks/S078/007/S078_007_00000013_landmarks.txt
312,../CK+/cohn-kanade-images/S078/001/S078_001_00000001.png,../CK+/cohn-kanade-images/S078/001/S078_001_00000033.png,7,../CK+/Landmarks/S078/001/S078_001_00000001_landmarks.txt,../CK+/Landmarks/S078/001/S078_001_00000033_landmarks.txt
313,../CK+/cohn-kanade-images/S125/006/S125_006_00000001.png,../CK+/cohn-kanade-images/S125/006/S125_006_00000022.png,4,../CK+/Landmarks/S125/006/S125_006_00000001_landmarks.txt,../CK+/Landmarks/S125/006/S125_006_00000022_landmarks.txt
314,../CK+/cohn-kanade-images/S125/007/S125_007_00000001.png,../CK+/cohn-kanade-images/S125/007/S125_007_00000009.png,7,../CK+/Landmarks/S125/007/S125_007_00000001_landmarks.txt,../CK+/Landmarks/S125/007/S125_007_00000009_landmarks.txt
315,../CK+/cohn-kanade-images/S125/005/S125_005_00000001.png,../CK+/cohn-kanade-images/S125/005/S125_005_00000013.png,5,../CK+/Landmarks/S125/005/S125_005_00000001_landmarks.txt,../CK+/Landmarks/S125/005/S125_005_00000013_landmarks.txt
316,../CK+/cohn-kanade-images/S125/008/S125_008_00000001.png,../CK+/cohn-kanade-images/S125/008/S125_008_00000010.png,3,../CK+/Landmarks/S125/008/S125_008_00000001_landmarks.txt,../CK+/Landmarks/S125/008/S125_008_00000010_landmarks.txt
317,../CK+/cohn-kanade-images/S125/001/S125_001_00000001.png,../CK+/cohn-kanade-images/S125/001/S125_001_00000014.png,6,../CK+/Landmarks/S125/001/S125_001_00000001_landmarks.txt,../CK+/Landmarks/S125/001/S125_001_00000014_landmarks.txt
318,../CK+/cohn-kanade-images/S155/002/S155_002_00000001.png,../CK+/cohn-kanade-images/S155/002/S155_002_00000012.png,2,../CK+/Landmarks/S155/002/S155_002_00000001_landmarks.txt,../CK+/Landmarks/S155/002/S155_002_00000012_landmarks.txt
319,../CK+/cohn-kanade-images/S010/004/S010_004_00000001.png,../CK+/cohn-kanade-images/S010/004/S010_004_00000019.png,1,../CK+/Landmarks/S010/004/S010_004_00000001_landmarks.txt,../CK+/Landmarks/S010/004/S010_004_00000019_landmarks.txt
320,../CK+/cohn-kanade-images/S010/002/S010_002_00000001.png,../CK+/cohn-kanade-images/S010/002/S010_002_00000014.png,7,../CK+/Landmarks/S010/002/S010_002_00000001_landmarks.txt,../CK+/Landmarks/S010/002/S010_002_00000014_landmarks.txt
321,../CK+/cohn-kanade-images/S010/006/S010_006_00000001.png,../CK+/cohn-kanade-images/S010/006/S010_006_00000015.png,5,../CK+/Landmarks/S010/006/S010_006_00000001_landmarks.txt,../CK+/Landmarks/S010/006/S010_006_00000015_landmarks.txt
322,../CK+/cohn-kanade-images/S052/004/S052_004_00000001.png,../CK+/cohn-kanade-images/S052/004/S052_004_00000033.png,5,../CK+/Landmarks/S052/004/S052_004_00000001_landmarks.txt,../CK+/Landmarks/S052/004/S052_004_00000033_landmarks.txt
323,../CK+/cohn-kanade-images/S052/006/S052_006_00000001.png,../CK+/cohn-kanade-images/S052/006/S052_006_00000013.png,3,../CK+/Landmarks/S052/006/S052_006_00000001_landmarks.txt,../CK+/Landmarks/S052/006/S052_006_00000013_landmarks.txt
324,../CK+/cohn-kanade-images/S052/001/S052_001_00000001.png,../CK+/cohn-kanade-images/S052/001/S052_001_00000015.png,7,../CK+/Landmarks/S052/001/S052_001_00000001_landmarks.txt,../CK+/Landmarks/S052/001/S052_001_00000015_landmarks.txt
325,../CK+/cohn-kanade-images/S148/002/S148_002_00000001.png,../CK+/cohn-kanade-images/S148/002/S148_002_00000015.png,2,../CK+/Landmarks/S148/002/S148_002_00000001_landmarks.txt,../CK+/Landmarks/S148/002/S148_002_00000015_landmarks.txt
